ID,Name,Macroarea,Latitude,Longitude,Glottocode,ISO639P3code
abui1241,Abui,,-8.31058,124.588,abui1241,abz
acha1249,Longchuan Achang,,24.3479,97.7438,acha1249,acn
acha1250,Achagua,,4.38649,-72.2005,acha1250,aca
ache1246,Aché,,-25.5865,-56.4697,ache1246,guq
achi1256,Achi,,15.073,-90.3513,achi1256,acr
adan1251,Adang,,-8.18958,124.448,adan1251,adn
adny1235,Adnyamathanha,,-30.1451,138.671,adny1235,adt
aghe1239,Aghem,,6.38956,10.0807,aghe1239,agq
aghu1254,Aghu Tharnggalu,,-13.735,142.426,aghu1254,ggr
agua1252,Aguacateco,,15.3307,-91.3153,agua1252,agu
ahte1237,Ahtena,,61.7068,-144.889,ahte1237,aht
ainu1240,Hokkaido Ainu,,43.633654,142.46167,ainu1240,ain
akit1240,Akita,,,,akit1240,
akka1240,Akkadian,,33.1,44.1,akka1240,akk
akla1241,Aklanon,,11.5543,122.354,akla1241,akl
akoo1248,Akoose,,4.9243,9.65522,akoo1248,bss
akwa1248,Akwa,,-0.39897,15.4623,akwa1248,akw
alng1239,Alngith,,-12.5324,141.938,alng1239,aid
alor1249,Alor-Pantar,,,,alor1249,
alun1238,Alune,,-3.11477,128.394,alun1238,alp
alya1239,Alyawarr,,-21.0427,136.835,alya1239,aly
amba1263,Amba (Uganda),,0.81206,30.0014,amba1263,rwm
amba1265,Ambai,,-1.88126,136.526,amba1265,amk
amba1266,Amba (Solomon Islands),,-11.2958,166.498,amba1266,utp
ambo1250,Ambonese Malay,,-3.71342,128.184,ambo1250,abs
amdo1237,Amdo Tibetan,,34.5177,100.485,amdo1237,adx
amga1235,Amganad Ifugao,,16.9016,121.042,amga1235,ifa
amha1245,Amharic,,11.708182,39.543456,amha1245,amh
amis1246,Amis,,23.0917,121.348,amis1246,ami
anak1240,Anakalangu,,-9.63425,119.605,anak1240,akg
anam1249,Anambé,,-2.71119,-49.303,anam1249,aan
anau1243,Anauyá,,,,anau1243,
anci1242,Ancient Greek,,39.8155,21.9129,anci1242,grc
anei1239,Aneityum,,-20.1864,169.825,anei1239,aty
anga1288,Angami Naga,,25.6841,93.8668,anga1288,njm
angu1242,Anguthimri,,-12.395,141.755,angu1242,awg
anma1239,Anmatyerre,,-22.2853,133.286,anma1239,amx
ante1238,Antekerrepenh,,,,ante1238,
anut1237,Anuta,,-11.61,169.85,anut1237,aud
aona1235,Ao Naga,,26.3241,94.3824,aona1235,njo
apat1240,Apatani,,27.1933,93.7284,apat1240,apt
apur1254,Apurinã,,-8.21692,-66.7714,apur1254,apu
aput1237,Aputai,,-7.84732,126.496,aput1237,apx
arab1267,Arabana,,-28.705,135.449,arab1267,ard
arak1252,Araki,,-15.632997,166.952542,arak1252,akr
aram1259,Aramaic,,,,aram1259,
araw1273,Araweté,,-4.90246,-52.5001,araw1273,awt
araw1276,Lokono,,5.64295,-56.9243,araw1276,arw
arbe1236,Arbëreshë Albanian,,38.911,16.7164,arbe1236,aae
argo1244,Argobba,,10.6596,39.756,argo1244,agj
arom1237,Aromanian,,40.616,21.2,arom1237,rup
arua1264,Aruan,,-0.608631,-50.123291,arua1264,
arva1236,Arvanitika Albanian,,38.283,23.3703,arva1236,aat
ashe1274,Asheninka,,,,ashe1274,
assa1263,Assamese,,26.0876,91.2932,assa1263,asm
asss1237,As,,-0.75267,131.728,asss1237,asz
asum1237,Asumboa,,-11.2969,166.499,asum1237,aua
asut1235,Asu (Tanzania),,-4.17978,37.8323,asut1235,asa
atam1240,Ata Manobo,,7.7789,125.499,atam1240,atd
atay1247,Atayal,,24.5209,121.388,atay1247,tay
aton1241,Atong (India),,25.346508,90.658722,aton1241,aot
aust1304,Austral,,-23.3843,-149.462,aust1304,aut
avac1239,Avá-Canoeiro,,-13.6081,-48.1336,avac1239,avv
aves1237,Avestan,,31.541,53.633,aves1237,ave
awab1243,Awabakal,,-33.12847,151.43555,awab1243,awk
awet1244,Awetí,,-12.381944,-53.391944,awet1244,awe
axiy1235,Axi Yi,,24.6009,103.713,axiy1235,yix
ayab1239,Yintyinka-Ayabadhu,,-14.6652,142.893,ayab1239,ayd
ayiw1239,Äiwoo,,-10.282595,166.328715,ayiw1239,nfl
baba1268,Babatana,,-7.22281,157.149,baba1268,baa
babu1240,Babuza,,24.0017,120.585,babu1240,bzg
bada1257,Badaga,,11.3094,76.5974,bada1257,bfq
badi1246,Badimaya,,-29.0647,117.246,badi1246,bia
badj1244,Badjiri,,-27.33,143.0,badj1244,jbi
bafa1247,Bafaw-Balong,,4.53307,9.522,bafa1247,bwt
bafi1243,Bafia,,4.72603,11.0982,bafi1243,ksf
bahi1252,Bahing,,27.3323,86.3949,bahi1252,bhj
baka1273,Bakaka,,4.79991,9.80402,baka1273,bqz
bala1310,Balangao,,17.0994,121.272,bala1310,blw
bali1274,Bali (Democratic Republic of Congo),,1.1807,26.5941,bali1274,bcp
bali1279,Balinese Malay,,-8.355884,114.648391,bali1279,mhp
balk1252,Balkan Romani,,42.67,21.17,balk1252,rmn
balk1254,Rumelian Turkish,,41.170545,24.44567,balk1254,bgx
bamu1253,Bamun,,5.49017,10.8477,bamu1253,bax
bamw1238,Bamwe,,2.16773,19.1644,bamw1238,bmg
band1339,Bandjalangic,,-28.3458,152.859,band1339,
bang1339,Banggarla,,-33.3036,136.079,bang1339,bjb
bang1354,Bangi,,-0.87437,17.227,bang1354,bni
bang1368,Banggai,,-1.58305,123.171,bang1368,bgz
bani1254,Avane,,5.26123,-67.5633,bani1254,bvv
bani1259,Baniwa-Curripaco,,,,bani1259,
banj1239,Banjar,,0.747105,115.79,banj1239,bjn
bank1256,Bankon,,4.3702,9.6403,bank1256,abb
bann1247,Bannoni,,-6.23061,155.128,bann1247,bcm
bant1281,Bantawa,,27.12147,87.04738,bant1281,bap
bant1286,Bantik,,1.44586,124.846,bant1286,bnq
bara1380,Barasana-Eduria,,0.02193,-70.808,bara1380,bsn
bare1276,Baré,,1.91649,-66.828,bare1276,bae
baro1252,Barombi,,4.64584,9.25261,baro1252,bbi
barr1247,Barrow Point,,-14.1219,144.531,barr1247,bpt
basa1284,Basa (Cameroon),,3.80765,10.4213,basa1284,bas
basa1287,Basay,,25.0046,121.857,basa1287,byq
bash1264,Bashkir,,53.5967,56.5594,bash1264,bak
bass1260,Bassossi,,5.23655,9.52275,bass1260,bsi
bata1285,Batanga,,1.397041,9.51011,bata1285,bnm
bata1289,Batak Toba,,2.35498,99.1761,bata1289,bbc
bata1298,Batad Ifugao,,16.8266,121.23,bata1298,ifb
bata1301,Batak,,10.1115,119.025,bata1301,bya
baub1235,Bau-Jagoi Bidayuh,,1.54467,109.985,baub1235,sne
baur1253,Baure,,-13.1278,-64.1838,baur1253,brg
bauu1243,Bau (Fijian),,,,bauu1243,
baya1257,Bayali,,-24.9793,151.699,baya1257,bjy
bayu1240,Bayungu,,-23.3809,114.108,bayu1240,bxj
beav1236,Beaver,,56.7984,-120.352,beav1236,bea
beem1239,Beembe,,-3.95895,14.1,beem1239,beq
beij1235,Beijingic,,,,beij1235,
beka1241,Riuk Bekati',,1.3307,109.576,beka1241,bei
bekw1242,Bekwil,,1.71801,14.6527,bekw1242,bkw
bela1254,Belarusian,,53.2307,25.6038,bela1254,bel
bela1260,Lemeting,,4.96207,114.933,bela1260,beg
bemb1257,Bemba (Zambia),,-10.6122,29.2993,bemb1257,bem
bena1262,Bena (Tanzania),,-9.26671,35.0364,bena1262,bez
bend1258,Bende,,-6.22082,30.5926,bend1258,bdp
beng1280,Bengali,,24.0,90.0,beng1280,ben
beng1282,Benga,,1.075766,9.600739,beng1282,bng
bera1259,Bera,,1.50054,30.0293,bera1259,brf
bett1235,Betta Kurumba,,11.6385,76.6064,bett1235,xub
biak1248,Biak,,-0.9523,135.879,biak1248,bhw
bidy1243,Bidyara,,-25.192664,147.273359,bidy1243,bym
biga1237,Bigambal,,-28.266,149.515,biga1237,xbe
biga1238,Biga,,-1.99574,130.272,biga1238,bhc
bila1255,Bila,,1.16839,28.7626,bila1255,bip
bilb1241,Bilibil,,-5.26505,145.764,bilb1241,brz
bile1244,Bile,,8.90052,11.1907,bile1244,bil
bima1247,Bima,,-8.57376,118.445,bima1247,bhp
bind1237,Bindalic,,,,bind1237,
binj1250,Binja,,,,binj1250,
bino1237,Binongan Itneg,,17.5972,120.876,bino1237,itb
bint1246,Bintulu,,3.867,113.634,bint1246,bny
binu1244,Talaandig-Binukid,,8.15933,124.892,binu1244,bkd
biri1256,Biri,,-20.1494,146.67,biri1256,bzr
blag1240,Blagar,,-8.31787,124.251,blag1240,beu
bobo1254,Bobot,,-3.43514,130.179,bobo1254,bty
bodo1269,Bodo-Mech,,26.1,92.0,bodo1269,brx
bodo1272,Bodo (Central African Republic),,6.0,26.0,bodo1272,boy
boka1249,Bokar-Ramo,,28.61433,94.066429,boka1249,
bolo1263,Bolondo,,2.46327,19.6181,bolo1263,bzm
boma1246,Boma,,2.5,15.6,boma1246,boh
bomw1238,Bomwali,,1.71005,15.9546,bomw1238,bmw
bond1247,Bondei,,-5.10749,38.5079,bond1247,bou
bone1254,Bonerate,,-7.37657,121.792,bone1254,bna
bong1284,Bongili,,0.37063,16.6079,bong1284,bui
bont1247,Bontok,,17.09386,121.02662,bont1247,bnc
bori1243,Bori-Karko,,27.62812,94.3538,bori1243,adi
boro1279,Borong,,-6.56688,147.511,boro1279,ksr
boto1242,Botolan Sambal,,15.2315,120.164,boto1242,sbl
brah1256,Brahui,,29.04,66.56,brah1256,brh
bret1244,Breton,,48.2452,-3.78934,bret1244,bre
brun1242,Brunei,,4.456045,114.429505,brun1242,kxd
bubi1250,Bubi,,-1.16762,12.32251,bubi1250,buw
budu1250,Budu,,2.00501,27.951,budu1250,buu
budz1238,Budza,,2.19951,22.6107,budz1238,bja
bugh1239,Bughotu,,-8.47948,159.802,bugh1239,bgt
bugi1244,Buginese,,-4.47,119.977,bugi1244,bug
buka1261,Bukat,,1.29075,113.246,buka1261,bvk
buku1249,Bukusu,,0.68043,34.7719,buku1249,bxk
bula1255,Bularnu,,-21.02656922,138.1566659,bula1255,
bulg1262,Bulgarian,,43.3646,25.047,bulg1262,bul
buli1255,Buli (Indonesia),,1.0008,128.443,buli1255,bzq
bulu1251,Bulu (Cameroon),,3.16141,11.6365,bulu1251,bum
bung1264,Bunganditj,,-36.5,140.5,bung1264,xbg
bung1265,Bungu,,-8.32587,32.8801,bung1265,wun
bunu1267,Bunun,,23.4116,121.025,bunu1267,bnn
burd1238,Burduna,,-22.9646,114.658,burd1238,bxn
buru1303,Buru (Indonesia),,-3.43957,126.632,buru1303,mhs
buru1306,Burum-Mindik,,-6.51663,147.333,buru1306,bmu
bush1247,Bushoong,,-4.69463,21.4556,bush1247,buf
buya1244,Buyang,,,,buya1244,byu
buyu1239,Buyu,,-5.41806,28.5545,buyu1239,byi
bwaa1238,Bwa,,2.5957,25.2514,bwaa1238,bww
bwai1242,Bwaidoka,,-9.51158,150.297,bwai1242,bwd
bwel1238,Bwela,,3.22,19.28,bwel1238,bwl
byan1241,Byangsi,,29.92002,80.63653,byan1241,bee
cabi1241,Cabiyarí,,0.16101,-71.0622,cabi1241,cbb
cahu1264,Cahuilla,,33.5324,-116.691,cahu1264,chl
cala1258,Calamian Tagbanwa,,12.0716,120.094,cala1258,tbk
camp1261,Campidanese Sardinian,,39.0566,9.03935,camp1261,sro
caqu1242,Caquinte,,-11.4812,-73.4451,caqu1242,cot
cara1272,Carapana,,0.06168,-69.6465,cara1272,cbc
cari1280,Cariay,,-0.257079,-65.108643,cari1280,
caro1242,Carolinian,,15.205,145.765,caro1242,cal
carr1249,Carrier,,54.3768,-124.328,carr1249,crx
casi1235,Casiguran-Nagtipunan Agta,,16.2176,121.878,casi1235,dgc
cebu1242,Cebuano,,8.38799,124.367,cebu1242,ceb
cent1972,Central Kurdish,,35.6539,45.8077,cent1972,ckb
cent2053,Central Malay,,-3.79673,103.137,cent2053,pse
cent2072,Central Masela,,-8.15414,129.865,cent2072,mxz
cent2074,Central Ngada,,-8.6778,121.04764,cent2074,ssq
cent2084,Central Cagayan Agta,,17.9571,121.857,cent2084,agt
cent2087,Coastal-Naga Bikol,,13.7574,123.403,cent2087,bcl
cent2089,Central Subanen,,8.12701,123.018,cent2089,syb
cent2092,Central Sama,,7.004574,118.455978,cent2092,sml
cent2101,Central Melanau,,2.524086,111.346451,cent2101,mel
cent2131,Central Tarahumara,,27.5648,-107.154,cent2131,tar
chah1248,Chaha,,,,chah1248,
chak1270,Chak,,21.4134,92.5953,chak1270,ckh
cham1312,Chamorro,,13.438011,144.74474,cham1312,cha
cham1318,Chamicuro,,-5.1149,-75.6778,cham1318,ccc
chan1313,Chang Naga,,26.4336,94.9536,chan1313,nbc
chao1238,Chaozhou,,23.666667,116.633333,chao1238,
chao1239,Chaoshan,,,,chao1239,
chap1269,Chapakura,,-14.8,-62.2,chap1269,
chek1238,Cheke Holo,,-8.27055,159.625,chek1238,mrn
chem1251,Chemehuevi,,35.356093,-116.438436,chem1251,
chep1245,Chepang,,27.7206,84.9017,chep1245,cdm
chib1248,Chiba,,,,chib1248,
chic1271,Chicomuceltec,,15.6078,-91.2869,chic1271,cob
chig1238,Chiga,,-1.04387,29.9122,chig1238,cgg
chim1312,Chimwiini,,1.111787,44.026991,chim1312,
chip1261,Chipewyan,,58.98,-104.44,chip1261,chp
chir1286,Chiripá,,-25.6521,-55.051,chir1286,nhd
chok1245,Chokwe,,-9.66082,21.3992,chok1245,cjk
chol1278,Jollado,,35.14,126.84,chol1278,
chol1282,Chol,,17.4897,-92.4698,chol1282,ctu
chor1273,Chortí,,14.818,-89.2363,chor1273,caa
chru1239,Chru,,11.6625,108.529,chru1239,cje
chuk1274,Chuka,,-0.27405,37.6116,chuk1274,cuh
chun1247,Ch'ungch'ongdo,,36.63,127.31,chun1247,
chur1257,Church Slavic,,43.7171,22.8442,chur1257,chu
chuu1238,Chuukese,,7.346993,151.598607,chuu1238,chk
chuv1255,Chuvash,,55.487,47.163,chuv1255,chv
clas1249,Classical-Middle Armenian,,38.592316,41.346422,clas1249,xcl
clas1250,Classical Nahuatl,,19.72,-96.97,clas1250,nci
clas1254,Classical Tibetan,,29.24,92.01,clas1254,xct
coca1259,Cocama-Cocamilla,,-4.5,-74.0,coca1259,cod
cola1237,Colac,,-38.471266,143.422444,cola1237,
coma1245,Comanche,,34.0,-101.0,coma1245,com
coqu1236,Coquille,,44.5177,-119.605,coqu1236,coq
corn1251,Cornish,,50.5233,-4.18619,corn1251,cor
cota1241,Cotabato Manobo,,6.39417,124.234,cota1241,mta
cube1242,Cubeo,,1.32382,-70.1939,cube1242,cub
cupe1243,Cupeño,,33.3148,-116.515,cupe1243,cup
cure1236,Kueretu,,-1.045978,-70.305862,cure1236,
czec1258,Czech,,49.873398,15.10437,czec1258,ces
daai1236,Daai Chin,,20.7347,93.7853,daai1236,dao
daii1240,Dai,,-7.55894,129.687,daii1240,dij
dani1285,Danish,,54.8655,9.36284,dani1285,dan
darl1243,Paakantyi,,-32.7021,142.695,darl1243,drl
dawe1237,Dawera-Daweloor,,-7.76324,130.06,dawe1237,ddw
dedu1240,Dedua,,-6.38206,147.627,dedu1240,ded
dege1248,Degexit'an,,62.0697,-160.044,dege1248,ing
dehu1237,Dehu,,-20.8892,167.229,dehu1237,dhv
deng1250,Dengese,,-3.26337,21.4194,deng1250,dez
desa1247,Desano,,0.58157,-69.4955,desa1247,des
dhai1238,Dhaiso,,-4.81209,38.818,dhai1238,dhs
dhal1245,Dhalandji,,-22.196,114.937,dhal1245,dhl
dhan1270,Dhangu,,-11.9493,135.752,dhan1270,dhg
dhar1247,Dhargari,,-24.0601,114.847,dhar1247,dhr
dhar1248,Dharumbal,,-23.307,150.593,dhar1248,xgm
dhud1236,Dhudhuroa,,-36.95881441,147.0450379,dhud1236,ddr
dhur1239,Dhurga,,-35.412,150.134,dhur1239,dhu
dhuw1249,Dhuwal,,-12.7825,136.008,dhuw1249,duj
diba1242,Dibabawon Manobo,,7.85664,126.018,diba1242,mbd
dibo1245,Dibole,,1.07773,17.2305,dibo1245,bvx
dier1240,Dieric,,,,dier1240,
dier1241,Dieri,,-28.1667,138.0,dier1241,dif
diga1241,Tawra,,28.4993,96.8803,diga1241,mhu
digo1243,Digo,,-4.62101,39.1752,digo1243,dig
dima1251,Dimasa,,25.4198,93.1806,dima1251,dis
ding1239,Ding,,-4.44304,19.3881,ding1239,diz
diod1237,Diodio,,-9.38654,150.168,diod1237,ddi
diri1252,Diriku,,-18.1681,20.6678,diri1252,diu
djap1238,Djapu,,-12.879764,136.417978,djap1238,
djar1245,Djarrwark,,,,djar1245,
djin1253,Djinang,,-12.462,134.82,djin1253,dji
djiw1241,Djiwarli,,-24.10724,116.98858,djiw1241,dze
dobu1241,Dobu,,-9.63239,150.825,dobu1241,dob
dogr1252,Dogrib,,62.3823,-114.193,dogr1252,dgr
dolg1241,Dolgan,,71.1083,94.2936,dolg1241,dlg
drun1238,Drung,,28.00792,98.49449,drun1238,duu
dual1243,Duala,,4.10208,9.61877,dual1243,dua
dugu1249,Duguri,,10.05,10.21,dugu1249,dbm
duma1253,Duma,,-0.91927,13.0046,duma1253,dma
duru1236,Duruwa,,19.0534,82.4881,duru1236,pci
dutc1256,Dutch,,52.0,5.0,dutc1256,nld
duun1241,Duungidjawu,,,,duun1241,
dyaa1242,Dyaabugay,,-16.596,145.388,dyaa1242,dyy
dyan1250,Dyangadi,,-30.8469,152.602,dyan1250,dyn
dyir1250,Dyirbal,,-17.4516,145.544,dyir1250,dbl
east1436,Eastern Pahari,,27.5947033333,87.6200833333,east1436,nep
east2288,East Frisian Low Saxon,,52.9713,7.73549,east2288,
east2304,Eastern Balochi,,28.0,62.0,east2304,bgp
east2328,Eastern Mari,,55.8307,48.405,east2328,mhr
east2447,East Futuna,,-14.278717,-178.137222,east2447,fud
east2462,East Masela,,-8.13455,129.873,east2462,vme
east2555,Eastern Bolivian Guaraní,,-20.42,-63.37,east2555,gui
east2563,Eastern Cham,,11.2853,108.49,east2563,cjm
east2716,Eastern Maric,,,,east2716,
east2717,Eastern Waka-Kabic,,,,east2717,
east2782,Eastern Kikongo,,-5.25,15.5,east2782,
ekon1238,Ekonda Mongo,,,,ekon1238,
elip1238,Elip,,4.45694,11.193,elip1238,ekm
elna1235,El Nayar Cora,,22.4099,-104.467,elna1235,crn
emae1237,Emae,,-17.052,168.399,emae1237,mmw
emba1238,Embaloh,,1.3156,112.63,emba1238,emb
embu1241,Embu,,-0.62822,37.5933,embu1241,ebu
emer1243,Teko,,3.23694,-52.3699,emer1243,eme
empl1237,Emplawas,,-8.03209,129.721,empl1237,emw
enaw1238,Enawené-Nawé,,-12.4302,-58.9802,enaw1238,unk
enya1247,Enya,,0.56,25.15,enya1247,gey
epig1241,Epigraphic Mayan,,18.993121,-88.768865,epig1241,emy
eree1240,Ere (China),,,,eree1240,
ersu1241,Ersu,,29.2867,102.213,ersu1241,ers
erzy1239,Erzya,,52.8548,45.3901,erzy1239,myv
esto1258,Estonian,,58.55,25.82,esto1258,ekk
eton1253,Eton-Mengisa,,4.21045,11.3935,eton1253,eto
eude1234,Eudeve,,28.5,-110.0,eude1234,
ewon1239,Ewondo,,4.21141,11.93646,ewon1239,ewo
eyak1241,Eyak,,60.4232,-144.762,eyak1241,eya
fang1246,Fang (Equatorial Guinea),,1.723965,11.61454,fang1246,fan
fare1244,Vach-Vasjugan,,60.10378,79.873651,fare1244,
faro1244,Faroese,,62.0732,-6.88497,faro1244,fao
fefe1239,Fe'fe',,5.18158,10.1442,fefe1239,fmp
finn1318,Finnish,,64.7628,25.5577,finn1318,fin
fipa1238,Fipa,,-7.88963,31.3442,fipa1238,fip
flin1247,Flinders Island,,-14.1812,144.259,flin1247,fln
friu1240,Friulian,,46.1473,13.0493,friu1240,fur
fuku1241,Fukui,,,,fuku1241,
fuku1243,Fukushima,,,,fuku1243,
futu1245,Futuna-Aniwa,,-19.5303,170.215,futu1245,fut
gadd1244,Gaddang,,16.5468,121.177,gadd1244,gad
gafa1240,Gafat,,11.5764,39.5605,gafa1240,gft
gaga1249,Gagauz,,44.5988,28.0277,gaga1249,gag
gahr1239,Bunan,,32.2168,77.9596,gahr1239,bfu
gali1261,Galice,,45.3914,-120.75,gali1261,gce
galo1243,Galoli-Talur,,-8.61074,125.959,galo1243,gal
gami1243,Yuwaalaraay-Gamilaraay,,-29.9037,149.543,gami1243,kld
gand1255,Ganda,,0.66884,32.15153,gand1255,lug
gane1237,Gane,,-0.42618,127.976,gane1237,gzn
gang1267,Ganggalida,,-17.5446,139.426,gang1267,gcd
gang1268,Gangulu,,-22.7637,149.416,gang1268,gnl
gapa1238,Gapapaiwa,,-9.73317,149.854,gapa1238,pwg
gari1256,Garifuna,,15.3529,-86.9091,gari1256,cab
garo1247,Garo,,25.2954,90.462,garo1247,grt
gayo1244,Gayo,,4.3733,97.3456,gayo1244,gay
gebe1237,Gebe,,-0.07877,129.424,gebe1237,gei
geda1237,Gedaged,,-5.18175,145.781,geda1237,gdd
geez1241,Geez,,10.1342,40.6821,geez1241,gez
gela1263,Gela,,-9.04587,160.186,gela1263,nlg
gese1240,Geser-Gorom,,-3.8016,130.701,gese1240,ges
ghar1239,Ghari,,-9.4791,159.917,ghar1239,gri
gheg1238,Gheg Albanian,,42.317,21.3837,gheg1238,aln
gida1240,Gidabal,,,,gida1240,
gifu1238,Gifu-Aichi,,,,gifu1238,
gilb1244,Gilbertese,,-1.34,176.44,gilb1244,gil
giry1241,Giryama,,-3.30638,39.6648,giry1241,nyf
gogo1263,Gogo,,-6.35951,35.4807,gogo1263,gog
goro1259,Gorontalo,,0.62689,122.288,goro1259,gor
gosi1242,Gosiute,,,,gosi1242,
goth1244,Gothic,,46.9304,29.9786,goth1244,got
guaj1256,Guajá,,-3.93574,-46.3683,guaj1256,gvj
guaj1257,Guajiro-Paraujano,,,,guaj1257,
guan1269,Kotiria,,1.07554,-69.5705,guan1269,gvc
guan1270,Kinikinao,,-19.1667,-54.0333,guan1270,gqn
guan1279,Guangzhou,,23.1253503,112.9476548,guan1279,
guar1292,Guarayu,,-15.8247,-61.6934,guar1292,gyr
guda1244,Gudang,,-10.91613599,142.5768928,guda1244,xgd
gudj1237,Gudjal,,-19.44157406,144.6482584,gudj1237,
guga1239,Gugadj,,-17.8372,141.168,guga1239,ggd
gugu1253,Gugu Badhun,,-18.4921,144.46,gugu1253,gdc
gugu1254,Gugubera,,-15.4296,141.635,gugu1254,kkp
gugu1255,Guugu Yimidhirr,,-14.9424,144.831,gugu1255,kky
gugu1256,Roth's Gugu Warra,,-12.713,142.569,gugu1256,wrw
gugu1257,Gugu Mini,,,,gugu1257,ggm
guin1258,Guinau,,4.797607,-64.73877,guin1258,
guja1252,Gujarati,,22.687,71.0962,guja1252,guj
guma1253,Gumatj,,-12.25254,136.83042,guma1253,gnn
gung1248,Gungabula,,-25.6896,148.604,gung1248,gyf
gunm1237,Gunma,,,,gunm1237,
guny1241,Gunya,,-27.0642,145.862,guny1241,gyy
gupa1247,Gupapuyngu,,-12.2868,135.337,gupa1247,guf
gurd1238,Gurdjar,,-17.1653,141.145,gurd1238,gdj
gure1255,Gureng Gureng,,-25.3893,151.175,gure1255,gnr
guri1247,Gurindji,,-17.0329,130.379,guri1247,gue
guru1261,Gurung,,27.41687,86.28988,guru1261,gvr
gusi1247,Gusii,,-0.78872,34.76751,gusi1247,guz
guwa1242,Guwa,,-21.35147706,142.5243782,guwa1242,xgw
guwa1243,Guwamu,,-27.8289,148.867,guwa1243,gwu
guwa1244,Guwar,,-27.16698973,153.3998245,guwa1244,
guya1249,Guyani,,-34.739,137.661,guya1249,gvy
gwen1239,Gweno,,-3.68407,37.6827,gwen1239,gwe
gwer1238,Gwere,,1.11392,33.8227,gwer1238,gwr
gwic1235,Gwich'in,,67.4307,-142.963,gwic1235,gwi
gyet1240,,,,,gyet1240,
haaa1252,Ha,,-3.77873,30.4894,haaa1252,haq
hach1239,Hachijo,,33.109444,139.791389,hach1239,
haka1240,Haka Chin,,22.8735,92.8208,haka1240,cnh
hakk1236,Hakka Chinese,,25.0,116.0,hakk1236,hak
hamg1238,Hamgyongdo,,42.34,129.84,hamg1238,
hang1260,Hangaza,,-2.52347,30.7074,hang1260,han
hani1248,Hani,,22.67753,102.851673333,hani1248,hni
hann1241,Han,,64.5002,-140.352,hann1241,haa
hano1246,Hano,,-15.5432,168.167,hano1246,lml
hanu1241,Hanunoo,,12.4159,121.221,hanu1241,hnn
hara1271,Harari,,9.30485,42.1332,hara1271,har
hars1241,Harsusi,,19.6511,56.1562,hars1241,hss
hate1238,Hateruma,,,,hate1238,
hawa1245,Hawaiian,,19.6297,-155.43,hawa1245,haw
haya1250,Haya,,-1.70878,31.4846,haya1250,hay
hebr1245,Modern Hebrew,,31.1056,35.0179,hebr1245,heb
hehe1240,Hehe,,-7.71572,35.7255,hehe1240,heh
here1253,Herero,,-21.0231,20.5655,here1253,her
hier1240,Hieroglyphic Luwian,,40.019722,34.615278,hier1240,hlu
high1278,Highland Puebla Nahuatl,,20.1554,-97.5556,high1278,azz
hind1269,Hindi,,25.0,77.0,hind1269,hin
hiro1237,Hiroshima,,,,hiro1237,
hitt1242,Hittite,,40.0,35.0,hitt1242,hit
hoav1238,Hoava,,-8.19679,157.595,hoav1238,hoa
holi1241,Holikachuk,,62.7266,-159.831,holi1241,hoi
holo1240,Holoholo,,-5.37545,28.3274,holo1240,hoo
holu1245,Holu,,-8.14754,17.572,holu1245,hol
homa1239,Homa,,4.97912,28.0039,homa1239,hom
honi1244,Honi,,23.2074,101.886,honi1244,how
hopi1249,Hopi,,35.7653,-110.535,hopi1249,hop
horp1239,Stau-Dgebshes,,31.1026,101.72,horp1239,ero
horp1240,Horpa,,,,horp1240,
huar1255,Huarijio,,27.8685,-108.437,huar1255,var
huas1242,Huastec,,21.6153,-98.5028,huas1242,hus
huic1243,Huichol,,21.954,-104.062,huic1243,hch
hung1274,Hungarian,,46.9068585714,19.6555271429,hung1274,hun
hung1278,Hungana-Saamba,,-3.69695,18.4312,hung1278,hum
hupa1239,Hupa,,41.0982,-123.68,hupa1239,hup
hwan1238,Hwanghaedo,,38.29,125.47,hwan1238,
iaai1238,Iaai,,-20.6301,166.59,iaai1238,iai
ibal1241,Ibali Teke,,-4.20697,15.3893,ibal1241,tek
ibal1244,Ibaloi,,16.4263,120.695,ibal1244,ibl
iban1264,Iban,,2.09041,112.934,iban1264,iba
iban1267,Ibanag,,17.4201,121.891,iban1267,ibg
ibar1242,Ibaraki,,,,ibar1242,
ibat1238,Ibatan,,18.9398,121.909,ibat1238,ivb
icel1247,Icelandic,,63.4837,-19.0212,icel1247,isl
idaa1241,Ida'an,,5.29059,118.515,idaa1241,dbj
idum1241,Idu,,29.4473,95.6472,idum1241,clk
igna1246,Ignaciano,,-15.1188,-65.3993,igna1246,ign
ikiz1238,Ikizu,,-1.9915,34.3589,ikiz1238,ikz
ikom1245,Ikoma-Nata,,-1.94989,34.5361,ikom1245,ntk
ilia1236,Ilianen Manobo,,7.34448,124.766,ilia1236,mbi
iliu1237,Ili'uun,,-7.84385,125.902,iliu1237,ilu
ilok1237,Iloko,,15.9361,120.993,ilok1237,ilo
ilon1239,Ilongot,,16.3785,121.547,ilon1239,ilk
ilwa1237,Ilwana,,-0.66322,39.793,ilwa1237,mlk
imro1237,Imroing,,-7.96772,129.651,imro1237,imr
inab1237,Inabaknon,,12.4264,124.166,inab1237,abx
inap1243,Iñapari,,-12.4653,-69.3083,inap1243,inp
indo1316,Indonesian,,-7.33458,109.716,indo1316,ind
inor1238,Inoric,,7.94883,37.7968,inor1238,ior
irar1238,Irarutu,,-2.94438,133.586,irar1238,irh
iris1253,Irish,,53.2186,-7.61509,iris1253,gle
iron1242,Iron Ossetian,,42.98,44.61,iron1242,oss
ishi1240,Ishigaki,,,,ishi1240,
isla1278,Island Carib,,15.364795,-61.342957,isla1278,crb
isna1241,Isnag,,18.2139,121.16,isna1241,isd
ital1282,Italian,,43.0464,12.6489,ital1282,ita
iten1243,Itene,,-12.2994,-64.9841,iten1243,ite
itza1241,Itzá,,17.0269,-89.8734,itza1241,itz
ivat1242,Itbayat,,20.77,121.85,ivat1242,ivv
ixil1251,Ixil,,15.4569,-90.8935,ixil1251,ixl
japh1234,Japhug,,32.1,102.36,japh1234,
jaru1254,Jaru,,-18.3288,128.262,jaru1254,ddj
java1254,Javanese,,-7.001,109.287,java1254,jav
jawe1237,Jawe,,-20.6648,164.676,jawe1237,jaz
jeju1234,Jejueo,,33.3805,126.5554,jeju1234,jje
jiar1240,Northern Gyalrong,,31.60295,102.22875,jiar1240,jya
jica1244,Jicarilla Apache,,36.8079,-107.007,jica1244,apj
jing1260,Jingpho,,,,jing1260,
jire1238,Jirel,,27.6931,86.3201,jire1238,jul
jita1239,Jita,,-1.62681,33.9141,jita1239,jit
jupu1235,Yupua,,-0.5,-70.0,jupu1235,
kach1280,Southern Jinghpaw,,25.4634,97.3278,kach1280,kac
kaer1234,Kaera,,-8.3287,124.0177,kaer1234,jka
kaga1258,Kagawa-ben,,,,kaga1258,
kagu1239,Kagulu,,-6.38204,37.0534,kagu1239,kki
kahe1238,Kahe,,-3.51412,37.5759,kahe1238,hka
kaid1239,Kaidipang,,0.85641,123.217,kaid1239,kzp
kair1263,Kairiru,,-3.34608,143.558,kair1263,kxa
kais1242,Kaishana,,-1.656507,-67.419434,kais1242,
kaiw1246,Kaiwá,,-24.589,-54.6815,kaiw1246,kgk
kako1242,Kako,,3.79989,15.6282,kako1242,kkj
kala1377,Kala Lagaw Ya,,-10.6748,142.196,kala1377,mwp
kala1380,Kalali,,,,kala1380,gll
kala1388,Kalagan,,6.8126,125.328,kala1388,kqe
kala1401,Kalaamaya,,-30.245,120.223,kala1401,lkm
kalk1246,Kalkutung,,-21.0,139.5,kalk1246,ktg
kama1365,Kamang,,-8.26897,124.792,kama1365,woi
kama1373,Kamayurá,,-12.2661,-53.4651,kama1373,kay
kamb1297,Kamba (Kenya),,-1.60827,37.9532,kamb1297,kam
kamb1299,Kambera,,-9.88447,120.235,kamb1299,xbr
kami1256,Kami (Tanzania),,-6.71075,37.98,kami1256,kcu
kana1286,Kanakanavu,,23.3235,120.887,kana1286,xnb
kana1290,Kanagawa,,,,kana1290,
kand1300,Kande,,-0.00776,11.7076,kand1300,kbs
kang1285,Kango (Tshopo District),,1.59855,27.0186,kang1285,kzy
kani1276,Kaniyang,,,,kani1276,
kani1279,Kaningi,,-1.71316,13.6111,kani1279,kzo
kanj1260,Kanju,,-13.3243,142.893,kanj1260,kbe
kany1247,Kanyok,,-7.31878,23.613,kany1247,kny
kaon1241,Kaonde,,-12.4129,25.7646,kaon1241,kqn
kapi1249,Kapingamarangi,,1.039166,154.797223,kapi1249,kpg
kaqc1270,Kaqchikel,,14.4662,-90.9881,kaqc1270,cak
kara1462,Taiga Sayan Turkic,,53.7145,98.3792,kara1462,kim
kara1464,Karaim,,54.5534,25.1054,kara1464,kdr
kara1467,Kara-Kalpak,,39.98,63.3223,kara1467,kaa
kara1476,Karadjeri,,-18.6771,122.334,kara1476,gbd
kara1486,Kara (Papua New Guinea),,-2.81957,151.111,kara1486,leu
karb1241,Hills Karbi,,25.7317,93.0462,karb1241,mjw
kare1335,Karelian,,65.1691,30.8655,kare1335,krl
kari1304,Kariyarra,,-20.445,118.613,kari1304,vka
kari1306,Kari,,5.03525,25.7491,kari1306,kbj
karr1236,Karruwali,,,,karr1236,rxw
kart1247,Kartujarra,,,,kart1247,
kash1277,Kashmiri,,34.166825,74.330455,kash1277,kas
kask1239,Kaska,,61.9942,-132.412,kask1239,kkz
katb1237,Avava,,-16.2701,167.484,katb1237,tmb
kate1253,Kâte,,-6.4795,147.757,kate1253,kmg
kato1244,Kato,,39.7002,-123.432,kato1244,ktw
kaur1267,Kaurna,,-34.34966141,138.4800794,kaur1267,zku
kava1241,Kavalan,,24.6947,121.645,kava1241,ckv
kawa1283,Kawaiisu,,36.0538,-118.679,kawa1283,xaw
kaya1315,Kayan Lahwi,,19.5183,97.4138,kaya1315,pdu
kaya1319,Kayardild,,-17.0695,139.489,kaya1319,gyd
kaya1320,Kayapa Kallahan,,16.321,120.9,kaya1320,
kaya1329,Kayabí,,-11.2747,-55.5479,kaya1329,kyz
kayt1238,Kaytetye,,-21.5844,133.602,kayt1238,gbb
kaza1248,Kazakh,,41.8729,65.7709,kaza1248,kaz
keda1252,Kedang,,-8.23039,123.77,keda1252,ksx
keii1239,Kei,,-5.63948,133.02,keii1239,kei
kekc1242,Kekchí,,15.3788,-89.2452,kekc1242,kek
kela1258,Kelabit,,3.31783,115.428,kela1258,kzi
kele1257,Kélé,,-0.78854,10.3836,kele1257,keb
kele1259,Keley-i Kallahan,,16.7099,121.035,kele1259,ify
kelo1247,Klon,,-8.40688,124.429,kelo1247,kyo
kema1243,Kemak,,-9.00299,125.159,kema1243,kem
kere1283,Kerewe,,-2.09315,33.5326,kere1283,ked
keri1250,Kerinci,,-1.93668,101.403,keri1250,kvr
kett1243,Ket,,63.7551,87.5466,kett1243,ket
kgal1244,Kgalagadi,,-24.9208,22.72016,kgal1244,xkv
khak1248,Khakas,,50.7393,107.169,khak1248,kjh
khal1275,Khaling,,27.3912,87.5053,khal1275,klr
kham1282,Khams Tibetan,,31.9313,91.7062,kham1282,khg
kheh1237,Khehek,,-2.06626,146.746,kheh1237,tlx
khum1248,Khumi Chin,,22.87125,92.9894633333,khum1248,cnk
kich1262,K'iche',,14.5278,-91.1696,kich1262,quc
kiku1240,Kikuyu,,-0.29005,36.719,kiku1240,kik
kili1267,Kilivila,,-8.72574,151.072,kili1267,kij
kimb1241,Kimbundu,,-8.97835,14.8893,kimb1241,kmb
kimb1242,Kimbu,,-7.23023,33.6445,kimb1242,kiv
kinn1249,Kinnauri,,31.3688,78.3148,kinn1249,kfk
kiow1264,Kiowa Apache,,34.9077,-98.2461,kiow1264,apk
kirg1245,Kirghiz,,42.0,74.0,kirg1245,kir
kite1237,Kitemoka,,-16.0,-62.75,kite1237,
koda1255,Kodava,,12.2443,75.9161,koda1255,kfa
kodi1247,Kodi-Gaura,,-9.6373,119.114,kodi1247,kod
kokn1236,Kok-Nar,,-16.181,141.608,kokn1236,gko
koko1269,Kokota,,-8.16481,159.191,koko1269,kkk
kolc1235,Kol (Cameroon),,3.65994,12.8574,kolc1235,biw
komb1273,Komba,,-6.16163,147.28,komb1273,kpf
komc1235,Kom (Cameroon),,6.2596,10.3348,komc1235,bkm
kome1238,Komering,,-3.79215,105.107,kome1238,kge
komi1269,Komi-Permyak,,59.6602,54.7959,komi1269,koi
komo1260,Komo (Democratic Republic of Congo),,-0.76333,26.7144,komo1260,kmw
kony1248,Konyak Naga,,26.6823,95.0598,kony1248,nbe
koon1244,South-Central Kikongo,,-5.57722,14.4771,koon1244,kng
koon1245,Koonzime,,3.25933,13.54152,koon1245,ozm
kore1283,Koreguaje,,0.92316,-75.3475,kore1283,coe
koro1310,Koronadal Blaan,,6.20529,125.007,koro1310,bpr
korr1239,Korripako,,,,korr1239,
kosr1238,Kosraean,,5.31,162.98,kosr1238,kos
kota1263,Kota (India),,11.4978,76.9387,kota1263,kfe
kota1274,Kota (Gabon),,1.016,13.97,kota1274,koq
kott1239,Kott-Assan,,55.0,94.0,kott1239,zko
kove1237,Kove,,-5.58623,149.63,kove1237,kvc
kowi1239,Kowiai,,-4.21954,133.468,kowi1239,kwh
koya1251,Koya,,17.6772,81.2096,koya1251,kff
koyo1242,Koyo,,-0.69688,15.7508,koyo1242,koh
koyu1237,Koyukon,,65.6093,-154.229,koyu1237,koy
kuan1247,Kuanyama,,-17.7176,16.58,kuan1247,kua
kuan1248,Kuanua,,-4.30986,152.114,kuan1248,ksd
kube1244,Kulungtfu-Yuanggeng-Tobo,,-6.42586,147.536,kube1244,kgf
kuii1253,Kui (Indonesia),,-8.38204,124.791,kuii1253,kvd
kuka1246,Kukatja,,-20.3321,127.666,kuka1246,kux
kuku1273,Kuku-Yalanji,,-16.0036,145.188,kuku1273,gvn
kuku1283,Kuku-Muminh,,-14.0959,141.625,kuku1283,xmh
kulo1237,Kulon-Pazeh,,23.7562,120.976,kulo1237,uun
kulu1253,Kulung (Nepal),,27.1606,87.5717,kulu1253,kle
kulu1255,Kulung (Nigeria),,9.20815,11.04651,kulu1255,bbu
kuma1276,Nêlêmwa-Nixumwak,,-20.4035,164.193,kuma1276,nee
kuma1281,Kumamoto-ben,,,,kuma1281,
kumb1268,Kumbainggar,,-29.8189,152.913,kumb1268,kgs
kumy1244,Kumyk,,43.0,47.0,kumy1244,kum
kund1255,Chikunda,,-15.7337,30.2804,kund1255,kdn
kung1258,Kunggari,,-24.2182,143.222,kung1258,kgl
kuni1263,Kuni,,-8.66368,146.874,kuni1263,kse
kunj1245,Kunjen,,-16.6807,143.53,kunj1245,kjn
kuny1238,Kunyi,,-3.69702,12.5197,kuny1238,njx
kuri1259,Kuria,,-1.50636,34.5049,kuri1259,kuj
kurr1243,Kurrama,,-22.2134,117.51,kurr1243,vku
kuru1302,Kurukh,,24.4644,86.4657,kuru1302,kru
kutu1263,Kutu,,-7.23789,37.8623,kutu1263,kdc
kuuk1238,Kuuku-Ya'u,,-12.4947,143.165,kuuk1238,kuy
kuun1236,Kuungkari of Barcoo River,,-24.75108713,143.5365228,kuun1236,lku
kuvi1243,Kuvi,,18.8832,83.7552,kuvi1243,kxv
kuyu1236,Kuyubi,,-11.75,-64.0,kuyu1236,
kwai1243,Kwaio,,-8.93744,160.965,kwai1243,kwd
kwak1266,Kwakum,,4.34393,13.6446,kwak1266,kwu
kwam1252,Kwamera,,-19.5954,169.442,kwam1252,tnk
kwan1273,Kwangali,,-17.9026,19.256,kwan1273,kwn
kwar1239,Kwara'ae,,-8.75779,160.804,kwar1239,kwf
kwas1243,Kwasio,,2.39354,10.0812,kwas1243,nmg
kwer1261,Kwere,,-6.50666,38.4449,kwer1261,cwe
kwes1244,Kwese,,-5.60445,18.5759,kwes1244,kws
kyon1247,Kyongsangdo,,35.3,128.3,kyon1247,
kyot1238,Kyoto,,,,kyot1238,
laar1238,Laari,,-4.25,14.9,laar1238,ldi
laca1243,Lacandon,,17.02093,-91.42348,laca1243,lac
ladi1250,Ladin,,46.60651,11.89498,ladi1250,lld
laha1253,Lahanan,,2.72734,113.947,laha1253,lhn
lahu1252,Lahu Shi,,21.2078,100.97,lahu1252,lhi
lahu1253,Lahu,,21.2701,100.214,lahu1253,lhu
lala1264,Lala-Bisa,,-12.945,30.2297,lala1264,leb
lama1277,Lamaholot,,-8.36439,122.803,lama1277,slp
lamb1271,Lamba,,-12.3366,27.9026,lamb1271,lam
lamb1272,Lambya,,-9.49372,33.15852,lamb1272,lai
lamb1273,Lamboya,,-9.70434,119.344,lamb1273,lmy
lamm1241,Western Pantar,,-8.52787,124.057,lamm1241,lev
lamo1243,Lamotrek,,,,lamo1243,
lamp1243,Lampung Api,,-5.73463,105.037,lamp1243,ljp
lang1320,Langi,,-4.71413,35.9517,lang1320,lag
lard1243,Lardil,,-16.56152,139.4343,lard1243,lbz
lash1243,Lashi,,26.0992,98.5481,lash1243,lsi
lati1261,Latin,,41.9026,12.4502,lati1261,lat
latv1249,Latvian,,56.826108,24.309118,latv1249,lav
laua1243,Lauan,,-18.2131,-178.785,laua1243,llx
lefa1242,Lefa,,5.05845,11.114,lefa1242,lfa
lega1250,Lega-Mwenga,,-3.39007,28.2621,lega1250,lgm
leip1237,Leipon,,-1.9665,147.226,leip1237,lek
lena1238,Lenakel,,-19.4763,169.261,lena1238,tnl
leng1258,Lengola,,-1.95874,25.3343,leng1258,lej
leni1238,Linngithigh,,-12.771375,141.962,leni1238,lnj
lenj1248,Lenje,,-14.7192,28.2581,lenj1248,leh
leti1245,Leti (Cameroon),,4.57457,11.405,leti1245,leo
leti1246,Leti (Indonesia),,-8.19808,127.674,leti1246,lti
lian1251,Liangmai Naga,,25.16,93.542,lian1251,njn
lika1243,Liko,,2.13777,27.6088,lika1243,lik
liku1243,Likum,,-2.16157,146.695,liku1243,lib
limb1266,Limbu,,27.2703,87.8859,limb1266,lif
ling1263,Kinshasa Lingala,,-4.409174,15.28532,ling1263,lin
lioo1240,Li'o,,-8.68615,121.832,lioo1240,ljl
lipa1241,Lipan Apache,,33.2748,-105.819,lipa1241,apl
lisu1250,Lisu,,26.91,98.94,lisu1250,lis
lith1251,Lithuanian,,55.1429,23.9601,lith1251,lit
litz1237,Naman,,-16.1331,167.415,litz1237,lzl
livv1244,Liv,,57.566,22.0262,livv1244,liv
lizu1234,Lizu,,28.333425,101.350309,lizu1234,
logo1258,Logooli,,0.09487,34.729,logo1258,rag
logu1236,Logudorese Sardinian,,40.49,9.09957,logu1236,src
lomb1260,Lombo,,0.88267,24.6862,lomb1260,loo
loni1238,Loniu,,-2.06124,147.35,loni1238,los
loth1237,Lotha Naga,,26.01396,94.04355,loth1237,njh
louu1245,Lou,,-2.38659,147.346,louu1245,loj
lowe1385,Lower Sorbian,,51.6621,13.9407,lowe1385,dsb
lowe1402,Lower Riverland,,-34.6,140.5,lowe1402,
lowe1425,Lower Tanana,,64.8834,-149.451,lowe1425,taa
lozi1239,Lozi,,-17.7052,24.7398,lozi1239,loz
luan1263,Luang,,-8.18378,127.944,luan1263,lex
luba1250,Luba-Katanga,,-8.2816,25.8918,luba1250,lub
lubu1243,Lubuagan Kalinga,,17.3879,121.0365,lubu1243,knb
lugu1238,Luguru,,-6.86828,37.5557,lugu1238,ruf
luis1253,Luiseno,,33.3184,-116.939,luis1253,lui
lumb1249,Lumbu,,-3.37917,11.124,lumb1249,lup
lund1266,Lunda,,-11.1793,23.8662,lund1266,lun
lush1249,Mizo,,22.6138,92.6247,lush1249,lus
luva1239,Luvale,,-13.5382,22.2924,luva1239,lue
luxe1241,Moselle Franconian,,49.6839,6.14931,luxe1241,ltz
luya1241,Luyi,,-15.01,22.67,luya1241,lyn
lwal1238,Lwalu,,-7.16388,22.1097,lwal1238,lwa
lwel1234,Lwel,,-4.38475,20.6314,lwel1234,
maan1238,Ma'anyan,,-2.1239,115.092,maan1238,mhy
mace1250,Macedonian,,41.5957,21.7932,mace1250,mkd
mach1266,Machame,,-3.29385,37.0703,mach1266,jmc
mach1267,Machiguenga,,-12.1291,-72.5017,mach1267,mcb
mach1268,Machinere,,-10.4804,-69.7683,mach1268,mpd
macu1260,Macuna,,-0.14459,-70.0749,macu1260,myy
mada1281,Madarrpa,,,,mada1281,
mago1248,Magori,,-10.2321,149.26,mago1248,zgr
maho1248,Mahongwe,,0.64356,14.0472,maho1248,mhb
main1275,Usun Apau Kenyah,,3.54443,114.039,main1275,xkl
maip1246,Maipure,,4.8,-67.5,maip1246,
mait1250,Maithili,,26.3817,86.2211,mait1250,mai
maka1304,Makaa,,4.15471,13.0789,maka1304,mcp
maka1311,Makasar,,-5.65551,119.838,maka1311,mak
makh1261,Makhuwa-Meetto,,-11.9553,38.6874,makh1261,mgh
makh1264,Makhuwa,,-14.8509,38.8052,makh1264,vmw
mako1251,Makonde,,-10.9906,39.5133,mako1251,kde
mala1464,Malayalam,,9.59208,76.7651,mala1464,mal
mala1479,Colloquial Malay,,1.85856,103.0,mala1479,zlm
male1289,Maleu-Kilenge,,-5.61613,148.445,male1289,mgl
malg1242,Malgana,,-26.211,114.245,malg1242,vml
mali1279,Malila,,-9.16619,33.339,mali1279,mgq
mali1280,Malimba,,3.67696,9.67186,mali1280,mzd
maln1239,Malngin,,,,maln1239,
malo1246,Malo,,,,malo1246,
mama1275,Mamanwa,,9.44744,125.548,mama1275,mmn
mamb1296,Mambwe-Lungu,,-8.86817,31.2269,mamb1296,mgr
mamb1305,Mamboru,,-9.42302,119.55,mamb1305,mvd
mamb1306,Mambae,,-9.19552,125.475,mamb1306,mgm
mamm1241,Mam,,14.8034,-91.7231,mamm1241,mam
mana1288,Manange,,28.6416,84.0515,mana1288,nmm
mana1295,Manam,,-4.07921,145.033,mana1295,mva
mana1299,Manao,,-3.199203,-60.107117,mana1299,
mand1415,Mandarin Chinese,,40.0209,116.228,mand1415,cmn
mand1423,Manda-Matumba,,-10.3991,34.7424,mand1423,mgs
mand1440,Mandara,,-2.7828,151.956,mand1440,tbf
mang1383,Mangala,,-18.6597,123.769,mang1383,mem
mang1401,Mangareva,,-23.1095,-134.97,mang1401,mrv
mang1405,Manggarai,,-8.55748,120.329,mang1405,mqy
mans1258,Northern Mansi,,64.4118,61.344,mans1258,mns
mans1262,Mansaka,,6.79221,126.181,mans1262,msk
many1256,Manyjilyjara,,,,many1256,
maor1244,Maore Comorian,,-12.830306,45.154942,maor1244,swb
maor1246,Maori,,-38.2881,176.541,maor1246,mri
mape1249,Mape,,-6.59318,147.682,mape1249,mlh
mapi1252,Mapidian-Mawayana,,1.9144999999999999,-59.6155,mapi1252,mpw
mapu1244,Mapun,,6.09061,118.75,mapu1244,sjm
mara1378,Marathi,,17.9344,76.6665,mara1378,mar
mara1399,Maragus,,-16.0695,167.33,mara1399,mrs
mara1404,Maranao,,7.79414,124.175,mara1404,mrw
mara1408,Marawan,,3.9,-51.8,mara1408,
mara1409,Maragua,,-3.0,-67.512818,mara1409,
marg1253,Margany,,-26.789,144.892,marg1253,zmc
marm1234,Marma,,22.759948,92.210748,marm1234,rmz
maro1244,Marovo,,-8.37943,157.747,maro1244,mvo
marr1258,Marrakulu,,,,marr1258,
mart1255,Martuthunira,,-20.9294,116.607,mart1255,vma
mart1256,Martu Wangka,,-23.350911655789,123.66842240336,mart1256,mpj
maru1249,Maru,,24.942535,99.8338,maru1249,mhx
marw1260,Marwari (India),,27.002,75.0656,marw1260,rwr
masa1299,Masaaba,,1.05906,34.2829,masa1299,myx
masi1266,Masiwang,,-3.29547,130.601,masi1266,bnf
mate1258,Matengo,,-11.554,35.0056,mate1258,mgv
mati1250,Matigsalug Manobo,,7.72124,125.16,mati1250,mbt
matt1238,Mattole,,40.4321,-122.863,matt1238,mvb
matu1259,Matumbi,,-8.53734,39.0409,matu1259,mgw
matu1261,Matukar,,-4.9078,145.779,matu1261,mjk
maya1280,Mayaguduna,,-18.1147,140.337,maya1280,xmy
mayk1239,Maykulan,,-20.4352,140.481,mayk1239,mnt
mayo1264,Mayo,,26.4522,-108.981,mayo1264,mfy
mbab1239,Mbabaram,,-20.1389,143.438,mbab1239,vmb
mbal1257,Mbala,,-5.11888,18.041,mbal1257,mdp
mban1268,Mbangwe,,-2.28729,13.5956,mban1268,zmn
mber1257,Mbere,,-0.477445,14.2877,mber1257,mdt
mbiy1238,Mbiywom,,-12.89620501,142.2710997,mbiy1238,
mboc1235,Mbo (Cameroon),,5.13981,9.92766,mboc1235,mbo
mbod1238,Mbo (Democratic Republic of Congo),,1.11602,28.018,mbod1238,zmw
mbok1243,Mboko,,0.43541,14.7935,mbok1243,mdu
mbol1247,Mbole,,-0.57181,24.0443,mbol1247,mdq
mbos1242,Mbosi,,-1.23019,15.5322,mbos1242,mdw
mbul1260,Mbula-Bwazza,,9.60769,12.2439,mbul1260,mbu
mbun1248,Mbunga,,-8.19661,36.5362,mbun1248,mgy
mbun1249,Mbunda,,-14.603,21.9768,mbun1249,mck
mbya1239,Mbyá Guaraní,,-26.0188,-52.711,mbya1239,gun
mehi1240,Mehináku,,-12.5364,-53.521,mehi1240,mmh
mehr1241,Mehri,,16.793,52.473,mehr1241,gdq
meke1243,Mekeo,,-8.23853,146.586,meke1243,mek
mele1250,Mele-Fila,,-17.6841,168.275,mele1250,mxe
mere1242,Merei,,-15.2839,166.905,mere1242,lmb
meri1243,Merina,,,,meri1243,
meru1245,Meru,,0.26484,37.7396,meru1245,mer
mesc1238,Mescalero-Chiricahua Apache,,33.1291,-105.566,mesc1238,apm
mese1244,Mese,,-6.56072,147.137,mese1244,mci
mesm1243,Mesmes,,7.53825,37.5742,mesm1243,mys
mesq1240,Mesqan,,8.10617,38.3386,mesq1240,mvz
meta1238,Meta',,5.88942,9.87416,meta1238,mgo
miee1237,Mie,,,,miee1237,
mily1238,Milyan,,36.356111,29.318611,mily1238,imy
mina1268,Minangkabau,,-0.896,100.44,mina1268,min
mini1251,Minigir,,-4.31803,152.005,mini1251,vmg
mink1237,Minkin,,-17.736653,139.541931,mink1237,xxm
mirn1243,Mirning,,,,mirn1243,
mith1236,Mithaka,,-25.13606725,139.598447,mith1236,
mitu1240,Mituku,,-1.57031,25.104,mitu1240,zmq
miya1258,Miyazaki-ben,,,,miya1258,
miya1260,Miyako-Jima,,,,miya1260,
mmaa1238,Mmaala,,4.52188,11.0599,mmaa1238,mmu
moch1256,Mochi,,-3.33743,37.3357,moch1256,old
moch1257,Mocho,,15.4538,-92.1734,moch1257,mhc
moda1244,Modang,,0.80793,116.573,moda1244,mxd
mode1248,Modern Greek,,38.36,23.13,mode1248,ell
moke1242,Moken,,10.1474,98.6765,moke1242,mwt
moki1238,Mokilese,,6.65651,159.776,moki1238,mkj
mokp1239,Mokpwe,,4.24178,9.23887,mokp1239,bri
moli1248,Molima,,-9.57457,150.614,moli1248,mox
mong1338,Mongo,,-1.54228,20.4259,mong1338,lol
mong1342,Mongondow,,0.64616,124.114,mong1342,mog
mono1275,Mono (USA),,37.1935,-119.347,mono1275,mnr
mopa1243,Mopán Maya,,16.3533,-89.0673,mopa1243,mop
mori1268,Mori Bawah,,-2.56016,121.37,mori1268,xmz
morm1235,Mor (Mor Islands),,-2.87055,135.95,morm1235,mhz
moro1292,Moroccan Arabic,,32.5,-7.5,moro1292,ary
mort1237,Mortlockese,,5.50735,153.710778,mort1237,mrl
mota1237,Mota,,-13.835361,167.690924,mota1237,mtt
motl1237,Mwotlap,,-13.655015,167.706277,motl1237,mlv
motu1246,Motu,,-9.67492,147.424,motu1246,meu
mouk1239,Mouk-Aria,,-5.71155,149.158,mouk1239,mwh
mpal1237,Mpalityanh-Luthigh,,-12.16733589,142.4853284,mpal1237,
mpam1239,Mpama,,-0.739203,17.685662,mpam1239,
mpie1238,Mpiemo,,3.45776,15.5246,mpie1238,mcx
mpii1239,Mpi,,18.1717,100.21,mpii1239,mpz
mpot1240,Mpoto,,-11.13767,34.71269,mpot1240,mpa
mpuo1241,Mbuun,,-5.21134,19.4269,mpuo1241,zmp
mudb1240,Mudburra,,-16.7694,132.329,mudb1240,mwd
mudu1242,Muduapa,,-4.69751,149.489,mudu1242,wiv
muna1247,Muna,,-5.40419,122.541,muna1247,mnb
munc1235,Mün Chin,,20.289,94.3929,munc1235,mwq
mung1266,Mungaka,,5.89752,10.0294,mung1266,mhk
muru1266,Muruwari,,-28.9618,146.546,muru1266,zmu
muss1246,Mussau-Emira,,-1.44105,149.624,muss1246,emi
muya1239,Muya,,29.8226,102.205,muya1239,mvm
mwan1247,Mwani,,-12.5821,40.4601,mwan1247,wmw
mwat1237,Mwatebu,,-10.0271,151.066,mwat1237,mwa
mwer1247,Mwera (Nyasa),,-11.3304,34.8959,mwer1247,mjh
mwes1234,Mwesa,,0.086134,13.30037,mwes1234,
mwim1241,Mwimbi-Muthambi,,-0.11968,37.5939,mwim1241,mws
myen1241,Myene,,-1.48741,9.50247,myen1241,mye
naba1256,Nabak,,-6.42709,146.966,naba1256,naf
naga1405,Nagasaki-ben,,,,naga1405,
naga1408,Nagano,,,,naga1408,
naka1262,Nakanai,,-5.59931,150.888,naka1262,nak
nali1244,Nalik,,-2.94411,151.332,nali1244,nal
nama1268,Namakura,,-16.8979,168.569,nama1268,nmk
namu1246,Namuyi,,28.5909,101.898,namu1246,nmy
nang1262,Nanggu,,-10.7441,165.887,nang1262,ngr
narr1259,Narrinyeri,,-36.2301,140.158,narr1259,nay
naru1238,Narungga,,-34.69,137.535,naru1238,nnr
nati1244,Nati,,-16.468709,167.496054,nati1244,
natu1246,Natügu,,-10.6771,165.835,natu1246,ntu
naun1237,Nauna,,-2.21213,148.201,naun1237,ncn
nava1243,Navajo,,36.2106,-110.082,nava1243,nav
naxi1245,Naxi,,27.5,100.0,naxi1245,nxq
naze1238,Naze,,,,naze1238,
ndak1241,Ndaka,,1.53341,27.9693,ndak1241,ndk
ndal1241,Ndali,,-9.88948,33.6118,ndal1241,ndh
ndam1239,Ndamba,,-8.40485,36.0271,ndam1239,ndj
ndam1254,Ndambomo,,-0.82,12.77,ndam1254,nxo
ndas1238,Ndasa,,-2.449015,13.369465,ndas1238,nda
nden1248,Ndengereko,,-7.54628,38.958,nden1248,ndg
ndol1238,Ndolo,,2.15101,19.4087,ndol1238,ndl
ndum1239,Ndumu,,-1.67033,13.7279,ndum1239,nmd
ndzw1235,Ndzwani Comorian,,-12.2123,44.3709,ndzw1235,wni
nede1245,Klamu,,-8.28776,124.192,nede1245,nec
neha1247,Nehan,,-4.56875,154.2,neha1247,nsn
nene1251,Nenets,,,,nene1251,
neng1238,Nengone,,-21.5305,167.964,neng1238,nen
nese1235,Nese,,-15.952608,167.222769,nese1235,
ngaa1240,Ngaanyatjarra,,-25.7514,127.602,ngaa1240,ntj
ngad1257,Ngadjuri,,-32.930160660336,139.08123163651,ngad1257,jui
ngad1258,Ngadjunmaya,,-32.02447,124.46601,ngad1258,nju
ngad1261,Ngad'a,,-8.79508,120.976,ngad1261,nxg
ngaj1237,Ngaju,,-1.58463,112.794,ngaj1237,nij
ngal1291,Nga La,,23.312,92.83,ngal1291,hlt
ngam1265,Ngamini-Yarluyandi-Karangura,,-27.1797,138.701,ngam1265,nmv
ngar1235,Ngarinman,,-15.4661,130.651,ngar1235,nbj
ngar1287,Ngarluma,,-20.9235,117.203,ngar1287,nrl
ngar1296,Ngarla,,-20.20748,119.30579,ngar1296,nrk
ngaw1240,Ngawun,,-19.4484,141.471,ngaw1240,nxn
ngaz1238,Ngazidja Comorian,,-11.6129,43.36,ngaz1238,zdj
ngin1244,Ngindo,,-9.78145,37.9832,ngin1244,nnq
ngko1236,Ngkoth,,-12.740575,141.886762,ngko1236,
ngom1270,Ngom,,0.882925,14.1345,ngom1270,nra
ngon1267,Ngongo,,-5.5,18.2,ngon1267,noq
ngon1269,Ngoni,,-11.7794,37.4118,ngon1269,ngo
ngub1238,Nguburindi,,,,ngub1238,
ngub1239,Ngubi,,-3.433411,10.768112,ngub1239,
ngul1246,Ngulu,,-5.79734,37.6823,ngul1246,ngp
ngul1247,Ngul,,-4.09816,19.5129,ngul1247,nlo
ngur1261,Ngura,,-29.2411,143.216,ngur1261,nbx
ngur1263,Ngoreme,,-1.8485,34.6173,ngur1263,ngq
nhan1238,Nhanda,,-27.42523643,114.2680442,nhan1238,nha
nias1242,Nias,,0.90691,97.4961,nias1242,nia
niig1237,Niigata,,,,niig1237,
nila1242,Nilamba,,-4.50002,34.3068,nila1242,nim
nila1244,Nila,,-6.734956,129.512131,nila1244,nil
niue1239,Niuean,,-19.06,-169.86,niue1239,niu
njeb1242,Njebi,,-2.18115,12.7063,njeb1242,nzb
njen1238,Njen,,5.75169,9.90439,njen1238,njj
nkon1247,Nkongho,,5.33848,9.80096,nkon1247,nkc
nkoy1244,Nkoya,,-14.8513,24.7649,nkoy1244,nka
noga1249,Nogai,,43.5917,46.6618,noga1249,nog
noma1260,Nomaande,,4.5893,10.9157,noma1260,lem
noma1263,Nomatsiguenga,,-11.5349,-74.4371,noma1263,not
nort2646,Northern Pashto,,34.0,71.33,nort2646,pbu
nort2671,North Saami,,68.725,22.1113,nort2671,sme
nort2690,Northern Uzbek,,40.886,69.211,nort2690,uzn
nort2699,Northwestern Kolami,,20.1022,78.4934,nort2699,kfb
nort2702,Northern Gondi,,18.1632,81.3842,nort2702,gno
nort2722,Northern Qiang,,32.2766,103.192,nort2722,cng
nort2723,Northern Pumi,,28.6626,101.305,nort2723,pmi
nort2753,North-western Warlpiri,,,,nort2753,
nort2756,Northern Sunraysia,,-34.190056,142.273631,nort2756,
nort2760,Northern Inland Yuin,,-34.85,149.1,nort2760,
nort2795,Zimbabwean Ndebele,,-20.2513,27.4096,nort2795,nde
nort2836,North Efate,,-17.5774,168.375,nort2836,llp
nort2845,North Marquesan,,-8.89412,-140.108,nort2845,mrq
nort2860,North Babar,,-7.84311,129.743,nort2860,bcd
nort2877,Northern Kankanay,,17.1057,120.786,nort2877,xnn
nort2935,Northern Amami-Oshima,,28.2099,129.453,nort2935,ryn
nort2941,Northern Tutchone,,62.8235,-136.644,nort2941,ttm
nort2942,North Slavey,,63.2671,-123.641,nort2942,scs
nort2954,Northern Paiute,,40.0799,-119.536,nort2954,pao
nort2959,Northern Tepehuan,,26.4348,-107.379,nort2959,ntp
norw1258,Norwegian,,59.92,10.71,norw1258,nor
nuba1241,Nubaca,,4.35696,11.029,nuba1241,baf
nucl1235,Eastern Armenian,,40.0,45.0,nucl1235,hye
nucl1301,Turkish,,39.8667,32.8667,nucl1301,tur
nucl1305,Kannada,,13.5878,76.1198,nucl1305,kan
nucl1310,Burmese,,20.7926,93.9665,nucl1310,mya
nucl1379,Kinga,,-9.35868,34.2321,nucl1379,zga
nucl1460,Madurese,,-7.0,113.0,nucl1460,mad
nucl1479,Nuclear Woleaian,,,,nucl1479,
nugu1241,Nugunu (Australia),,-31.9899,133.908,nugu1241,nnv
nugu1242,Nugunu (Cameroon),,4.63103,11.1837,nugu1242,yas
nuku1260,Nukuoro,,3.84,154.975,nuku1260,nkr
numb1247,Numbami,,-7.52806,147.298,numb1247,sij
nung1282,Nung (Myanmar),,27.2887,98.7333,nung1282,nun
nuor1238,Nuorese,,,,nuor1238,
nusu1239,Nusu,,26.7292,98.8801,nusu1239,nuf
nyak1260,Nyakyusa-Ngonde,,-9.71018,33.7763,nyak1260,nyy
nyal1250,Nyali,,1.92098,30.0201,nyal1250,nlj
nyam1271,Nyamal,,-21.6092,119.693,nyam1271,nly
nyam1276,Nyamwezi,,-5.08559,32.94452,nyam1276,nym
nyam1277,Nyambo,,-1.6096,30.9156,nyam1277,now
nyan1300,Yangkaal,,-16.74,138.023,nyan1300,nny
nyan1301,Nyangumarta,,-20.6271,121.391,nyan1301,nna
nyan1303,Nyanga-li,,2.97634,29.1805,nyan1303,nyc
nyan1304,Nyanga,,-1.29357,28.31546,nyan1304,nyj
nyan1307,Nyankole,,-0.46364,30.548,nyan1307,nyn
nyan1308,Nyanja,,-14.8047,32.8108,nyan1308,nya
nyat1246,Nyaturu,,-5.12263,34.6657,nyat1246,rim
nyaw1247,Nyawaygi,,-18.8743,146.216,nyaw1247,nyt
nyih1240,Nyiha (Tanzania),,-9.4472,32.9057,nyih1240,nih
nyis1236,Nyishi-Hill Miri,,27.278263,93.675529,nyis1236,njz
nyok1243,Nyokon,,4.75,10.5,nyok1243,nvo
nyor1246,Nyoro,,0.95294,31.3493,nyor1246,nyo
nyun1247,Nyunga,,-33.1199,118.151,nyun1247,nys
nzad1234,Nzadi,,-4.102208,20.194462,nzad1234,nzd
occi1239,Occitan,,44.1415,6.82979,occi1239,oci
oita1237,Ōita-ben,,,,oita1237,
okay1237,Okayama,,,,okay1237,
okin1244,Okinawa,,,,okin1244,
okuu1243,Oku,,6.23712,10.5096,okuu1243,oku
oldb1235,Old Burmese,,21.161961,94.897306,oldb1235,obr
oldc1244,Old Chinese,,36.12,114.32,oldc1244,och
olde1238,Old English (ca. 450-1100),,51.06,-1.31,olde1238,ang
oldh1241,Old High German (ca. 750-1050),,52.0,10.0,oldh1241,goh
oldi1245,Early Irish,,53.0,-8.0,oldi1245,sga
oldj1239,Old Japanese,,34.683333,135.8,oldj1239,ojp
oldn1244,Old Norse,,63.42,10.38,oldn1244,non
oldp1254,Old Persian (ca. 600-400 B.C.),,32.0,54.0,oldp1254,peo
omag1248,Omagua,,-3.526,-69.1667,omag1248,omg
omba1241,Ombamba,,-2.75341,13.617,omba1241,mbm
ombo1238,Ombo,,-2.32162,25.1748,ombo1238,oml
onoo1246,Ono,,-6.19223,147.579,onoo1246,ons
onto1237,Luangiua,,-5.49029,159.701,onto1237,ojv
opat1246,Teguima,,31.15211,-110.06212,opat1246,opt
orej1242,Maijiki,,-2.86315,-72.4926,orej1242,ore
oriy1255,Odia,,21.0,85.0,oriy1255,ory
orko1234,Orkon-Fanbak,,-16.210501,168.212109,orko1234,fnb
orok1266,Oroko,,4.89504,9.15209,orok1266,bdu
orow1243,Oro Win,,-10.737,-64.0299,orow1243,orw
osak1237,Ōsaka,,,,osak1237,
osam1235,Osamayi,,-0.012,13.61,osam1235,syx
osca1245,Oscan,,40.98,15.67,osca1245,osc
osse1243,Modern Ossetic,,42.98,44.61,osse1243,
owaa1237,Owa,,-10.82553,162.30467,owaa1237,stn
oyka1239,Oykangand,,,,oyka1239,
paam1238,Paama,,-16.47548,168.23693,paam1238,pma
pagi1243,Pagibete,,3.15636,22.1212,pagi1243,pae
paiw1248,Paiwan,,22.3271,120.806,paiw1248,pwn
paka1251,Pakanha,,-15.0908,142.74,paka1251,pkn
pala1344,Palauan,,7.34138,134.476678,pala1344,pau
pali1279,Palikúr,,3.63993,-51.6246,pali1279,plu
pall1243,Pallanganmiddang,,-36.08,146.91,pall1243,pmd
pamo1252,Pamona,,-1.62663,121.268,pamo1252,pmf
pamp1243,Pampanga,,14.9603,120.502,pamp1243,pam
pamp1244,Pamplona Atta,,18.4738,121.3,pamp1244,att
pana1305,Panamint,,36.0007,-117.901,pana1305,par
pang1287,Pangwa,,-9.96782,34.8039,pang1287,pbr
pang1290,Pangasinan,,15.9377,120.365,pang1290,pag
panj1256,Eastern Panjabi,,30.0368,75.6702,panj1256,pan
pany1241,Panytyima,,-22.7816,118.723,pany1241,pnw
paok1235,Pa'o Karen,,20.211,97.5969,paok1235,blk
para1311,Paraguayan Guaraní,,-25.60551,-57.08816,para1311,gug
para1312,Parakanã,,-4.64681,-50.0621,para1312,pak
para1316,Paraujano,,10.8427,-71.8399,para1316,pbg
pare1272,Parecís,,-14.5929,-57.4059,pare1272,pab
pass1250,Passe,,-1.415444,-67.418518,pass1250,
patp1243,Patpatar,,-3.74711,152.493,patp1243,gfk
patt1248,Pattani,,32.6963,76.5966,patt1248,lae
paul1238,Paulohi,,-3.25404,128.779,paul1238,plh
paus1244,Warázu,,-12.8553,-63.1903,paus1244,psm
pela1242,Pela,,24.2142,97.9183,pela1242,bxd
penr1237,Māngarongaro,,-9.082238,-157.922908,penr1237,pnh
pera1257,Perai,,-7.62349,126.576,pera1257,wet
phen1239,Phende,,-5.64735,19.8275,phen1239,pem
phom1236,Phom Naga,,26.4715,94.7476,phom1236,nph
piap1246,Piapoco,,4.37718,-68.5953,piap1246,pio
pile1238,Vaeakau-Taumako,,-10.173335,166.247188,pile1238,piv
pima1248,Pima Bajo,,28.654,-108.326,pima1248,pia
pimb1238,Pimbwe,,-6.81358,31.4289,pimb1238,piw
pinj1243,Pinji,,-1.90305,11.223,pinj1243,pic
pint1250,Pintupi-Luritja,,-23.2963,130.643,pint1250,piu
pipi1250,Pipil,,13.8931,-89.443,pipi1250,ppl
pira1254,Wa'ikhana,,0.50714,-69.5032,pira1254,pir
pirr1240,Pirriya,,-25.48006595,142.5485119,pirr1240,xpa
pisa1245,Pisamira,,1.1017,-70.502483,pisa1245,
pitj1243,Pitjantjatjara,,-26.9704,131.357,pitj1243,pjt
pitt1246,Pitta-Pitta,,,,pitt1246,
pogo1243,Pogolo,,-8.72283,36.4148,pogo1243,poy
pohn1238,Pohnpeian,,6.87212,158.223,pohn1238,pon
poko1261,Pokomo,,-2.31587,40.2897,poko1261,pkb
poli1260,Polish,,51.8439,18.6255,poli1260,pol
popt1235,Popti',,15.6609,-91.6633,popt1235,jac
poqo1253,Poqomam,,14.73252,-89.73796,poqo1253,poc
poqo1254,Poqomchi',,15.3586,-90.5813,poqo1254,poh
port1283,Portuguese,,39.91,-8.1,port1283,por
pott1240,Pottangi Ollar Gadaba,,18.5968,82.7586,pott1240,gdb
prus1238,Old Prussian,,52.394,14.757,prus1238,prg
pulu1242,Puluwatese,,7.35695,149.2005,pulu1242,puw
punt1240,Punthamara,,-27.33,143.0,punt1240,xpt
punu1239,Punu,,-2.67362,11.6714,punu1239,puu
puyu1239,Puyuma,,22.643,120.996,puyu1239,pyu
pyon1239,P'yong'ando,,39.44,126.16,pyon1239,
qanj1241,Q'anjob'al,,15.6846,-91.3043,qanj1241,kjb
quey1238,Queyu,,30.3113,100.813,quey1238,qvy
rabh1238,Rabha,,25.8248,91.1689,rabh1238,rah
rali1241,Rälik,,,,rali1241,
rapa1244,Rapanui,,-27.113,-109.342,rapa1244,rap
raro1241,Southern Cook Island Maori,,-21.23,-159.78,raro1241,rar
rata1243,Ratak,,,,rata1243,
ravu1237,Ravula,,12.3231,75.6265,ravu1237,yea
reja1240,Rejang,,-3.33056,102.434,reja1240,rej
reja1241,Rejang Kayan,,2.71903,114.169,reja1241,ree
renn1242,Rennell-Bellona,,-11.6237,160.265,renn1242,mnv
resi1247,Resígaro,,-2.48139,-71.3578,resi1247,rgr
riri1237,Ririo,,-6.88927,156.92,riri1237,rri
rirr1238,Rirratjingu,,,,rirr1238,
rita1239,Ritarungo,,-13.4559,135.259,rita1239,rit
roma1326,Romansh,,46.5538,9.92812,roma1326,roh
roma1327,Romanian,,46.3913,24.2256,roma1327,ron
romb1244,Rombo,,-3.07772,37.5382,romb1244,rof
rong1264,Rongpo,,30.528,79.567,rong1264,rnp
rong1266,Rongmei Naga,,25.098,93.7869,rong1266,nbu
rotu1241,Rotuman,,-12.5008,177.066,rotu1241,rtm
rovi1238,Roviana,,-8.20493,157.408,rovi1238,rug
rufi1234,Rufiji,,-7.99059,38.7133,rufi1234,rui
ruka1240,Rukai,,22.7738,120.844,ruka1240,dru
rund1242,Rundi,,-2.94,29.97,rund1242,run
rung1255,Rungwa,,-7.24959,31.7614,rung1255,rnw
russ1263,Russian,,59.0,50.0,russ1263,rus
ruun1238,Ruund,,-8.86971,21.4164,ruun1238,rnd
saaa1240,Sa'a,,-9.60258,161.467,saaa1240,apb
saam1283,Saamia,,0.3652,34.0335,saam1283,lsm
saar1237,Saaroa,,23.2632,120.711,saar1237,sxr
sabu1255,Hawu,,-10.5522,121.847,sabu1255,hvn
saca1238,Sacapulteco,,15.274,-91.109,saca1238,quv
safw1238,Safwa,,-8.54936,33.4766,safw1238,sbk
saga1256,Sagala,,-6.98537,36.9153,saga1256,sbm
saga1265,Saga-ben,,,,saga1265,
sais1237,Saisiyat,,24.6043,121.067,sais1237,xsy
saka1287,Sakata,,-2.85653,17.9669,saka1287,skt
saka1289,Wanohe,,-15.0757,167.051,saka1289,sku
sake1247,Sake,,0.25188,11.787,sake1247,sak
sakh1245,Sakhalin Ainu,,48.141866,142.329834,sakh1245,
sala1264,Salar,,35.5457,102.819,sala1264,slr
sala1268,Salampasu,,-5.44937,23.1502,sala1268,slx
sali1295,Saliba,,-10.6148,150.727,sali1295,sbe
samo1305,Samoan,,-13.92,-171.83,samo1305,smo
sang1321,Sangtam Naga,,25.8581,94.6279,sang1321,nsa
sang1330,Sangu (Tanzania),,-8.4,33.9,sang1330,sbp
sang1331,Sanga (Democratic Republic of Congo),,-10.0236,26.8462,sang1331,sng
sang1333,Sangu (Gabon),,-1.52694,11.9098,sang1333,snq
sang1336,Sangir,,5.444878,125.481047,sang1336,sxn
sang1337,Sangil,,5.40229,125.378,sang1337,snl
sani1269,Sani,,24.278,103.759,sani1269,ysn
sans1269,Sanskrit,,20.0,77.0,sans1269,san
sans1272,Cimbala-Cizali,,-5.33539,13.3587,sans1272,kwy
sapo1253,Saposa,,-5.64103,154.732,sapo1253,sps
sara1326,Sarangani Blaan,,6.03691,125.354,sara1326,bps
sara1327,Sarangani Manobo,,5.84903,125.499,sara1327,mbs
sara1331,Saraveca,,-11.9423,-65.3945,sara1331,sar
sars1236,Sarsi,,50.8822,-114.301,sars1236,srs
sasa1249,Sasak,,-8.58349,116.284,sasa1249,sas
sata1237,Satawalese,,7.36084,147.038,sata1237,stw
sate1243,Sateré-Mawé,,-3.63897,-56.8749,sate1243,mav
saur1249,Sauria Paharia,,24.8124,87.6432,saur1249,mjt
sawi1256,Sawila,,-8.29105,125.078,sawi1256,swt
scot1245,Scottish Gaelic,,56.7574,-5.24366,scot1245,gla
seco1241,Secoya,,-0.459785,-75.5547,seco1241,sey
seim1238,Seimat,,-1.2666667,144.25,seim1238,ssg
seka1247,Sekar,,-2.65849,132.469,seka1247,skz
seki1238,Seki,,1.52302,9.79206,seki1238,syi
sela1259,Selaru,,-8.18376,130.961,sela1259,slu
sele1250,Selepet,,-6.03532,147.234,sele1250,spl
selk1253,Selkup,,59.9409,82.3004,selk1253,sel
seng1281,Sengseng,,-6.16474,149.784,seng1281,ssz
seou1239,Seoul,,37.54,126.98,seou1239,
serb1264,Serbian Standard,,44.3238,21.9192,serb1264,srp
seri1255,Serili,,-8.11241,129.901,seri1255,sve
serr1255,Serrano,,33.9479,-116.772,serr1255,ser
seru1245,Serua,,-6.31107,130.017294,seru1245,srw
sgaw1245,S'gaw Karen,,17.9872,97.7126,sgaw1245,ksw
sheh1240,Jibbali,,17.29154,53.99526,sheh1240,shv
shig1237,Shiga,,,,shig1237,
shii1238,Shi,,-2.55777,28.6122,shii1238,shr
shil1264,Shila,,,,shil1264,
shix1238,Shixing,,28.3895,100.4,shix1238,sxg
shiz1237,Shizuoka,,,,shiz1237,
shon1251,Shona,,-17.20849,29.75725,shon1251,sna
shor1247,Shor,,52.3261,88.4344,shor1247,cjs
shub1238,Shubi,,-2.97663,31.0681,shub1238,suj
siar1238,Siar-Lak,,-4.62059,152.892,siar1238,sjr
siee1239,Sie,,-18.8181,169.166,siee1239,erg
sigh1238,Sighu,,-0.95605,13.1214,sigh1238,sxe
sika1261,Sikaiana,,-8.378194,162.72952,sika1261,sky
sika1262,Sika,,-8.67302,122.38,sika1262,ski
simb1254,Simba,,-1.28107,11.1783,simb1254,sbw
simb1256,Simbo,,-8.26947,156.541,simb1256,sbb
sind1272,Sindhi,,26.0,69.0,sind1272,snd
sinh1246,Sinhala,,8.0,81.0,sinh1246,sin
sion1247,Siona-Tetete,,0.31733,-76.0237,sion1247,snn
sipa1247,Sipacapense,,15.23054,-91.7041,sipa1247,qum
sira1266,Sira,,-1.78084,10.4635,sira1266,swj
sira1267,Sirayaic,,22.9777,120.315,sira1267,fos
siri1273,Sirionó,,-15.5298,-63.9688,siri1273,srq
siri1274,Siriano,,0.436515,-70.184,siri1274,sri
situ1238,Situ,,31.590536,102.660664,situ1238,
skol1241,Skolt Saami,,68.8326,29.7204,skol1241,sms
slov1268,Slovenian,,46.2543,14.7766,slov1268,slv
slov1269,Slovak,,48.545705,18.78479,slov1269,slk
sodd1242,Soddo,,,,sodd1242,
sode1235,So (Democratic Republic of Congo),,1.25037,23.6907,sode1235,soc
soga1242,Soga,,0.40456,33.3942,soga1242,xog
soli1239,Soli,,-15.5213,28.7934,soli1239,sby
sond1250,Sonde,,-6.32223,18.3555,sond1250,shc
song1299,Nsong,,-4.55057,18.4978,song1299,soo
song1300,Songoora,,-2.21871,26.3477,song1300,sod
song1303,Songe,,-5.71993,25.2765,song1303,sop
sons1242,Sonsorol,,5.328596,132.221282,sons1242,sov
soqo1240,Soqotri,,12.4892,53.9168,soqo1240,sqt
sout2694,Southern Altai,,50.1347,86.8705,sout2694,alt
sout2697,South Azerbaijani,,36.5137,48.4302,sout2697,azb
sout2723,Southern Nisu,,23.058,101.412,sout2723,nsd
sout2729,Southern Pumi,,27.8408,100.622,sout2729,pmj
sout2765,Southern Maric,,,,sout2765,
sout2771,Southern Coastal Yuin,,-37.06227181,149.7169306,sout2771,xtv
sout2856,South Efate,,-17.7006,168.377,sout2856,erk
sout2857,Nahavaq,,-16.5116,167.477,sout2857,sns
sout2859,Southeast Ambrym,,-16.2975,168.211,sout2859,tvk
sout2869,Southwest Tanna,,-19.57953,169.35603,sout2869,nwi
sout2883,Southeast Babar,,-7.94359,129.8,sout2883,vbb
sout2918,Southern Sama,,4.755836,119.483887,sout2918,ssb
sout2956,Southern Haida,,53.2616,-132.008,sout2956,hax
sout2957,Southern Tutchone,,60.7823,-136.573,sout2957,tce
sout2959,South Slavey,,59.8794,-117.047,sout2959,xsl
sout2969,Southern Paiute,,37.0,-114.0,sout2969,
sout2977,Southwestern Tepehuan,,23.2553,-104.688,sout2977,tla
stan1288,Spanish,,40.4414,-1.11788,stan1288,spa
stan1289,Catalan,,41.453,1.569,stan1289,cat
stan1290,French,,48.0,2.0,stan1290,fra
stan1293,English,,53.0,-1.0,stan1293,eng
stan1295,German,,48.649,12.4676,stan1295,deu
stan1318,Standard Arabic,,27.9625,43.8525,stan1318,arb
suau1242,Suau,,-10.6606,150.21,suau1242,swp
suba1238,Suba,,-0.95719,34.1033,suba1238,sxb
suku1259,Suku,,-5.76495,17.7736,suku1259,sub
suku1261,Sukuma,,-3.16082,32.8765,suku1261,suk
sumb1240,Sumbwa,,-3.47335,31.9457,sumb1240,suw
sumi1235,Sumi Naga,,25.9996,94.4235,sumi1235,nsm
sund1252,Sundanese,,-6.89708,107.106,sund1252,sun
sunw1242,Sunwar,,27.5201,86.2476,sunw1242,suz
suri1273,Surigaonon,,9.0,126.0,suri1273,sgd
suun1239,Suundi,,-4.58488,13.3212,suun1239,sdj
swah1253,Swahili,,-8.25605,37.624,swah1253,swh
swed1254,Swedish,,59.800634,17.389526,swed1254,swe
swis1247,Central Alemannic,,47.0516,8.46419,swis1247,gsw
sydn1236,Sydney,,-33.52925837,150.3490464,sydn1236,xdk
taba1266,Tabasco Chontal,,18.1713,-92.7367,taba1266,chf
taga1270,Tagalog,,14.06,121.747,taga1270,tgl
taga1279,Tagalaka,,-18.1973276258,142.96122717197,taga1279,tgz
tagb1258,Tagbanwa,,9.54263,118.497,tagb1258,tbw
tahi1242,Tahitian,,-17.6485,-149.45,tahi1242,tah
tain1254,Taino,,18.2836,-66.8042,tain1254,tnq
taji1245,Tajik,,38.8213,68.5549,taji1245,tgk
take1256,Taketomi,,,,take1256,
taki1248,Takia,,-4.69057,145.975,taki1248,tbc
taku1257,Takuu,,-4.773094,157.032085,taku1257,nho
tali1259,Talise,,-9.76764,160.231,tali1259,tlr
tali1262,Taliabu,,-1.79516,124.869,tali1262,tlv
tami1289,Tamil,,10.520219,78.825989,tami1289,tam
tana1289,Tanaina,,60.4712,-150.759,tana1289,tfn
tana1290,Tanacross,,63.4046,-143.338,tana1290,tcb
tane1237,Tanema,,-11.68,166.97,tane1237,tnx
tang1334,Tangut,,38.894904,102.246464,tang1334,txg
tang1336,East-Central Tangkhul Naga,,25.0489,94.3567,tang1336,nmf
tani1255,Tanimbili,,-11.2975,166.507,tani1255,tbe
tani1257,Tanimuca-Retuarã,,-0.59023,-70.3853,tani1257,tnc
tapi1253,Tapieté,,-21.4169,-62.684,tapi1253,tpj
tapi1254,Tapirapé,,-10.5373,-50.5438,tapi1254,taf
tara1319,Tarama-Minna,,,,tara1319,
tari1256,Tariana,,0.440205,-68.9042,tari1256,tae
taro1264,Seediq,,23.9032,121.358,taro1264,trv
tata1255,Tatar,,55.0,50.0,tata1255,tat
tatu1247,Tatuyo,,0.55582,-70.5327,tatu1247,tav
taus1251,Tausug,,5.12236,118.88,taus1251,tsg
tave1240,Taveta,,-3.41822,37.7061,tave1240,tvs
tawa1289,Tawang Monpa,,27.7686,92.1838,tawa1289,twm
tbol1240,Tboli,,6.20377,124.538,tbol1240,tbl
tchi1245,Tchitchege,,-2.03393,13.6001,tchi1245,tck
tean1237,Teanu,,-11.6752,166.868,tean1237,tkw
tedi1235,Tedim Chin,,23.6079,93.519,tedi1235,ctd
teiw1235,Teiwa,,-8.37662,124.174,teiw1235,twe
teke1274,Teke-Fuumu,,-3.59003,15.5061,teke1274,ifm
teke1275,Teke-Tege,,-1.61688,14.8664,teke1275,teg
tekt1235,Tektiteko,,15.4599,-92.1136,tekt1235,ttc
tela1241,Tela-Masbuar,,-8.01195,129.687,tela1241,tvm
telu1262,Telugu,,16.4529,78.7024,telu1262,tel
temb1276,Tenetehara,,-2.6123,-48.2359,temb1276,tqb
temi1247,Temi,,-2.19303,35.8035,temi1247,soz
teop1238,Teop,,-5.67474,154.971,teop1238,tio
tere1279,Terena-Kinikinao-Chane,,-20.6614,-56.0329,tere1279,ter
term1237,Termanu,,-10.7326,123.169,term1237,twu
tete1250,Tetela,,-4.29314,24.546,tete1250,tll
tete1251,Tetelcingo Nahuatl,,18.8854,-98.893,tete1251,nhg
tetu1246,Tetun Dili,,-8.58405,125.583,tetu1246,tdt
teun1241,Te'un,,-6.97086,129.143718,teun1241,tve
thad1238,Thado Chin,,24.096,93.722,thad1238,tcz
thak1245,Thakali,,28.7014,83.6466,thak1245,ths
thao1240,Thao,,23.8333,120.93,thao1240,ssf
thar1283,Tharaka,,-0.13221,38.073,thar1283,thk
thay1249,Thayore,,-14.8159,142.034,thay1249,thd
thul1246,Thulung,,27.5389,87.6063,thul1246,tdh
thur1254,Thurawal,,-34.634,150.721,thur1254,tbh
tian1237,Tiang,,-2.95505,150.935,tian1237,tbj
tibe1272,Tibetan,,28.3681,90.1872,tibe1272,bod
tibe1274,Tibea,,5.30535,11.3103,tibe1274,ngy
tien1242,Tiene,,-2.84694,16.4765,tien1242,tii
tiga1245,Tigak,,-2.70951,150.893,tiga1245,tgc
tigr1270,Tigre,,17.3494,38.2233,tigr1270,tig
tigr1271,Tigrinya,,15.3359,38.9266,tigr1271,tir
tiko1237,Tikopia,,-12.2766,168.822,tiko1237,tkp
timb1251,Timbe,,-6.06875,147.057,timb1251,tim
timu1262,Timugon Murut,,5.1796,115.826,timu1262,tih
tivv1240,Tiv,,6.88039,9.26287,tivv1240,tiv
tlin1245,Tlingit,,59.4447,-135.29,tlin1245,tli
toab1237,To'abaita,,-8.39233,160.619,toab1237,mlu
tobo1251,Tobo,,-6.36263,147.376,tobo1251,tbv
toca1235,Tocantins Asurini,,-3.59359,-49.8991,toca1235,asu
toch1258,Tochigi,,,,toch1258,
toda1252,Toda,,11.4184,77.0168,toda1252,tcx
toho1245,Tohono O'odham,,31.7973,-111.995,toho1245,ood
toke1240,Tokelau,,-9.227642,-171.780833,toke1240,tkl
tokh1242,Tokharian A,,42.98,89.18,tokh1242,xto
tokh1243,Tokharian B,,41.65,82.9,tokh1243,txb
toku1245,Tokushima-ben,,,,toku1245,
toky1238,Tōkyō,,,,toky1238,
tolo1259,Tolowa-Chetco,,41.9192,-124.1,tolo1259,tol
tong1321,Tonga (Nyasa),,-12.0816,34.0613,tong1321,tog
tong1325,Tonga (Tonga Islands),,-21.17,-175.25,tong1325,ton
tong1329,Tongva,,34.1,-118.11,tong1329,xgf
tont1239,Tontemboan,,1.24813,124.654,tont1239,tnt
toor1238,Tooro,,0.57291,30.6389,toor1238,ttj
tora1261,Toraja-Sa'dan,,-2.97144,119.829,tora1261,sda
tora1263,Torá,,-6.19532,-61.7416,tora1263,trz
tosk1239,Northern Tosk Albanian,,41.0,20.0,tosk1239,als
tott1237,Tottori,,,,tott1237,
toya1237,Toyama,,,,toya1237,
trin1274,Trinitario,,-15.3331,-65.4096,trin1274,trn
tsaa1242,Tsaangi,,-2.29245,12.7581,tsaa1242,tsa
tsat1238,Tsat,,18.3192,109.336,tsat1238,huq
tset1236,Tsetsaut,,55.5,-130.08,tset1236,txc
tsha1245,Tshangla,,27.3694,91.7741,tsha1245,tsj
tsog1243,Tsogo,,-1.55469,11.1359,tsog1243,tsv
tson1249,Tsonga,,-23.5754,31.8105,tson1249,tso
tsou1248,Tsou,,23.216,120.787,tsou1248,tsu
tswa1253,Tswana,,-24.368,24.7587,tswa1253,tsn
tswa1255,Tswa,,-22.9891,32.4287,tswa1255,tsc
tuam1242,Tuamotuan,,-16.17259,-146.321755,tuam1242,pmt
tuba1278,Tübatulabal,,35.327,-117.163,tuba1278,tub
tuba1279,Tubar,,30.0,-111.0,tuba1279,tbu
tuca1252,Tucano,,0.579755,-69.5763,tuca1252,tuo
tugu1245,Tugun,,-7.72555,126.7,tugu1245,tzn
tuka1249,Tukang Besi South,,-5.7478,123.948,tuka1249,bhq
tuki1240,Tuki,,4.64348,11.5353,tuki1240,bag
tulu1258,Tulu,,12.8114,75.2651,tulu1258,tcy
tumb1250,Tumbuka,,-11.3297,33.3738,tumb1250,tum
tune1261,Tunen,,4.75,10.67,tune1261,tvu
tung1290,Tungag,,-2.52188,150.198,tung1290,lcm
tunj1244,Tunjung,,-0.29048,115.883,tunj1244,tjg
tupi1273,Tupinambá,,-22.807778,-42.106389,tupi1273,tpn
tupi1280,Tupi-Guarani Subgroup VI,,,,tupi1280,
turk1303,Turkic Khalaj,,34.4224,50.3222,turk1303,klj
turk1304,Turkmen,,37.0872,59.1757,turk1304,tuk
tuva1244,Tuvalu,,-8.520813,179.198088,tuva1244,tvl
tuvi1240,Tuvinian,,51.7,94.36667,tuvi1240,tyv
tuyu1244,Tuyuca,,0.39441,-70.043515,tuyu1244,tue
tyan1235,Tyanngayt-Mamngayt-Ntrwangayt-Ntrangit,,-12.544,141.984,tyan1235,
tzel1254,Tzeltal,,16.6384,-92.2786,tzel1254,tzh
tzot1259,Tzotzil,,16.6362,-92.7388,tzot1259,tzo
tzut1248,Tz'utujil,,14.6351,-91.2012,tzut1248,tzj
uabm1237,Uab Meto,,-9.77284,124.144,uabm1237,aoz
uain1239,Uainuma-Mariate,,-2.676394,-68.435669,uain1239,
ubir1237,Ubir,,-9.59044,149.396,ubir1237,ubr
udmu1245,Udmurt,,56.12921,52.63548,udmu1245,udm
ugar1238,Ugaritic,,35.6,35.78,ugar1238,uga
uigh1240,Uighur,,43.88,87.38,uigh1240,uig
ujir1237,Ujir,,-5.69329,134.257,ujir1237,udj
ukhr1238,Ukhrul,,,,ukhr1238,
ukra1253,Ukrainian,,49.796,29.945,ukra1253,ukr
umbi1243,Umbindhamu,,-13.921,143.328,umbi1243,umd
umbr1253,Umbrian,,42.75,13.02,umbr1253,xum
umbu1257,Umbundu,,-12.4763,14.4148,umbu1257,umb
umes1235,Ume Saami,,64.6383,18.646,umes1235,sju
umpi1239,Umpila,,-13.1528,143.467,umpi1239,ump
uppe1395,Upper Sorbian,,51.2403,14.4098,uppe1395,hsb
uppe1415,Upper Riverland,,-34.098823177692,140.99932761004,uppe1415,
uppe1437,Upper Tanana,,62.6867,-141.37,uppe1437,tau
uppe1438,Upper Kuskokwim,,62.2976,-155.951,uppe1438,kuu
urad1238,Uradhic,,,,urad1238,
urav1235,Ura (Vanuatu),,-18.6747,169.084,urav1235,uur
urdu1245,Urdu,,25.0,67.0,urdu1245,urd
urub1250,Urubú-Kaapor,,-2.46455,-46.2204,urub1250,urb
urup1245,Urupa,,-10.25,-62.75,urup1245,
uspa1245,Uspanteco,,15.3648,-90.8893,uspa1245,usp
utee1244,Ute,,38.0,-109.0,utee1244,
utsa1239,Lhasa Tibetan,,,,utsa1239,
vagh1249,Vaghua,,-6.68712,156.542,vagh1249,tva
vano1237,Lovono,,-11.6107,166.7984,vano1237,vnk
vanu1242,Vanuma,,0.93847,29.81348,vanu1242,vau
vari1239,Varisi,,-6.83443,156.655,vari1239,vrs
vend1245,Venda,,-22.188,29.9523,vend1245,ven
veps1250,Veps,,60.3353,34.7865,veps1250,vep
vili1238,Vili,,-4.06716,11.3804,vili1238,vif
vili1239,Vili of Ngounie,,-2.752859,10.305563,vili1239,
vinm1237,Neve'ei,,-16.2253,167.427,vinm1237,vnm
vinz1238,Vinza,,-4.99312,30.5699,vinz1238,vin
vlaa1240,Western Flemish,,51.0754,3.11345,vlaa1240,vls
vunj1238,Vunjo,,-3.42531,37.5847,vunj1238,vun
vwan1235,Vwanji,,-9.00683,34.0757,vwan1235,wbi
waci1238,Waciri,,,,waci1238,
waga1260,Wagaya,,-20.329,137.623,waga1260,wga
wail1244,Wailaki,,39.1513,-123.284,wail1244,wlk
waim1255,Waimaha,,0.30416,-70.1644,waim1255,bao
waja1257,Wajarri,,-28.1761,117.153,waja1257,wbv
waka1274,Wakawaka,,-26.248,151.868,waka1274,wkw
waka1279,Wakayama,,,,waka1279,
wakh1245,Wakhi,,37.1768,73.9777,wakh1245,wbl
wala1263,Walangama,,-17.60243295,142.4891266,wala1263,
wall1255,Walloon,,50.2235,5.14509,wall1255,wln
walm1241,Walmajarri,,-19.7229,126.113,walm1241,wmt
wand1264,Wanda,,-8.34522,32.4375,wand1264,wbh
wand1266,Wandji,,-1.51945,12.8951,wand1266,wdd
wand1267,Wandamen,,-2.25622,133.996,wand1267,wad
wang1288,Wangkajunga,,,,wang1288,
wang1289,Wanggamala,,-24.7022,137.433,wang1289,wnm
wang1290,Wangganguru,,-25.8148,135.941,wang1290,wgg
wang1291,Ngiyambaa,,-30.6481,146.18,wang1291,wyb
wang1300,Wangkatja-Tjarra,,,,wang1300,
wanm1242,Wanman,,-22.7078,122.325,wanm1242,wbt
wanu1241,Wanukaka,,-9.69834,119.468,wanu1241,wnk
wany1246,Wanyam,,-12.1,-63.1,wany1246,
wapi1253,Wapishana,,2.58744,-59.8021,wapi1253,wap
ware1255,Warekena Velha,,1.668177,-67.317297,ware1255,
wari1262,Wariyangga,,-24.353,116.927,wari1262,wri
wari1268,Wari',,-10.69948,-64.56152,wari1268,pav
warl1254,Warlpiri,,-20.1008,131.05,warl1254,wbp
warl1255,Warlmanpa,,-18.949,133.862,warl1255,wrl
warl1256,Warluwara,,-22.2909,138.738,warl1256,wrb
waro1242,Waropen,,-2.31142,136.633,waro1242,wrp
warr1255,Warrgamay,,-18.5468,146.179,warr1255,wgy
warr1257,Warrnambool,,-38.155612905976,141.53965852318,warr1257,gjm
waru1264,Warrongo,,-18.2496,144.37,waru1264,wrg
waru1265,Warumungu,,-20.6479,134.375,waru1265,wrm
wath1238,Wathawurrung,,-37.68777565,144.1013148,wath1238,wth
watu1247,Watubela,,-4.47294,131.641,watu1247,wah
waur1244,Waurá,,-13.296,-53.6971,waur1244,wau
waya1270,Wayampi,,1.73817,-52.6887,waya1270,oym
wayi1238,Wayilwan,,,,wayi1238,
wayu1241,Wayu,,27.3047,86.1227,wayu1241,vay
weje1237,Wewewa,,-9.55099,119.349,weje1237,wew
wels1247,Welsh,,52.0,-4.0,wels1247,cym
wers1238,Wersing,,-8.33936,124.932,wers1238,kvw
west2369,Western Farsi,,32.9,53.3,west2369,pes
west2386,Western Panjabi,,30.0948,75.3474,west2386,pnb
west2402,West Yugur,,39.0548,99.3112,west2402,ybe
west2415,Western Tamang,,28.0239,85.0563,west2415,tdg
west2418,Western Magar,,28.2462,83.511,west2418,mrd
west2441,Western Arrarnta,,-24.05052,133.24621,west2441,are
west2443,Western Victoria,,-34.13829932,143.6694397,west2443,
west2516,West Uvean,,-20.4145,166.589,west2516,uve
west2538,West Tarangan,,-6.62046,134.168,west2538,txn
west2555,Western Bukidnon Manobo,,7.6682,124.825,west2555,mbb
west2557,Western Subanon,,7.79964,122.341,west2557,suc
west2563,Western Penan,,3.4667,114.523,west2563,pne
west2564,West Berawan,,3.9815,114.528,west2564,zbw
west2615,Western Apache,,33.8574,-110.123,west2615,apw
west2635,Akateko,,15.5932,-91.8421,west2635,knj
wika1238,Wikalkan,,-13.6835,141.557,wika1238,wik
wikm1247,Wik-Mungkan,,-13.98051,141.81611,wikm1247,wim
wikn1246,Wikngenchera,,-13.4957,141.599,wikn1246,wua
wira1262,Wiradhuri,,-34.0742,145.994,wira1262,wrh
wira1265,Wirangu,,-32.0,134.0,wira1265,wgu
woge1237,Wogeo,,-3.20238,144.089,woge1237,woc
woiw1237,Woiwurrung-Thagungwurrung,,-37.64264501,145.5879962,woiw1237,wyi
wola1253,Wolane,,8.23,38.14,wola1253,wle
woli1241,Wolio,,-5.33,122.67,woli1241,wlo
wong1246,Wangkumara,,,,wong1246,xwk
wong1247,Wongo,,-5.73837,20.5054,wong1247,won
wori1245,Worimi,,-32.4806,152.107,wori1245,kda
wudi1238,Wuding-Luquan Yi,,25.48,102.48,wudi1238,ywq
wulg1239,Wulguru,,-19.85103121,146.3453957,wulg1239,qgu
wumb1242,Wumbvu,,-2.39234,12.264,wumb1242,wum
wusa1235,Wusa Nasu,,25.7707,102.367,wusa1235,yig
wuth1237,Wuthathi,,-11.971,143.0879,wuth1237,
wuvu1239,Wuvulu-Aua,,-1.73938,142.851,wuvu1239,wuv
xara1244,Xârâcùù,,-21.7034,165.996,xara1244,ane
xeta1241,Xetá,,-24.9408,-52.2266,xeta1241,xet
xhos1239,Xhosa,,-31.0389,28.0769,xhos1239,xho
xian1249,Xiandao,,24.5458,97.9052,xian1249,xia
xing1248,Xingú Asuriní,,-4.13463,-52.321,xing1248,asn
xiri1243,Xiriâna,,2.69932,-62.5413,xiri1243,xir
xish1235,Xishanba Lalo,,24.8709,100.711,xish1235,ywt
yadh1237,Yadhaykenu,,-11.314,142.725,yadh1237,
yaga1256,Yagara-Jandai,,-27.87647555,152.4602773,yaga1256,
yaka1269,Yaka-Pelende-Lonzo,,-6.93964,16.9965,yaka1269,yaf
yaka1272,Yaka (Central African Republic),,3.6515,17.2713,yaka1272,axk
yaka1277,Yakan,,6.531023,122.021729,yaka1277,yka
yaku1245,Sakha,,61.6974,133.98,yaku1245,sah
yala1262,Yalarnnga,,-21.731,139.511,yala1262,ylr
yama1261,Yamaguchi,,,,yama1261,
yama1262,Yamagata,,,,yama1262,
yama1263,Yamanashi,,,,yama1263,
yamb1252,Yambeta,,4.83615,10.9369,yamb1252,yat
yamd1240,Yamdena,,-7.73722,131.44,yamd1240,jmd
yami1254,Yami,,22.055,121.544,yami1254,tao
yand1251,Yanda,,-21.23270508,140.5134756,yand1251,yda
yand1252,Yandruwandhic,,,,yand1252,
yand1253,Yandruwandha,,-28.4744,140.583,yand1253,ynd
yane1238,Yanesha',,-10.5454,-75.315,yane1238,ame
yang1293,Yangben,,4.41971,11.0277,yang1293,yav
yann1237,Yan-nhangu,,-12.0853,134.877,yann1237,jay
yans1239,Yansi,,-3.8231,18.2341,yans1239,yns
yany1243,Yanyuwa,,-15.7621,136.055,yany1243,jao
yaoo1241,Yao,,-13.6119,35.2387,yaoo1241,yao
yaqu1251,Yaqui,,29.9446,-110.681,yaqu1251,yaq
yara1253,Yaraldi-Keramin-Yitha,,,,yara1253,
yarl1236,Yarli,,-29.49049805,140.9591946,yarl1236,
yaru1257,Yaru,,-10.25,-62.0,yaru1257,
yasa1242,Yasa,,2.06043,10.678,yasa1242,yko
yavi1244,Yavitero,,2.800281,-68.084219,yavi1244,yvt
yawa1258,Yawarawarga,,-26.7334,140.871,yawa1258,yww
yawa1261,Yawalapití,,-12.5104,-53.4236,yawa1261,yaw
yayg1236,Yaygir,,-29.686722970453,153.18784362556,yayg1236,xya
yidi1250,Yidiñ,,-17.1332,145.876,yidi1250,yii
yind1247,Yindjibarndi,,-21.5379,117.001,yind1247,yij
yind1248,Yindjilandji,,-19.24252,137.5894,yind1248,yil
yine1238,Yine,,-11.1086,-73.3087,yine1238,pib
ying1247,Yinggarda,,-25.4446,115.58,ying1247,yia
yinw1236,Yinwum,,-12.52068956,142.7036225,yinw1236,yxm
yira1239,Yirandhali,,-20.65810118,143.9625916,yira1239,ljw
yiry1245,Yir-Yoront,,-15.1117,141.767,yiry1245,yiy
yomb1244,Yombe,,-4.86227,12.6362,yomb1244,yom
yona1241,Yonaguni,,24.45,122.991,yona1241,yoi
yort1237,Yorta Yorta,,-35.9,145.01,yort1237,xyy
youl1235,Youle Jinuo,,22.0473,101.057,youl1235,jiu
yuca1254,Yucatec Maya,,18.7757,-88.9567,yuca1254,yua
yucu1252,Yucunic,,,,yucu1252,
yucu1253,Yucuna,,-0.76075,-71.0033,yucu1253,ycn
yuga1244,Yugambal,,-27.803,153.082,yuga1244,yub
yugu1249,Yugumbir,,,,yugu1249,
yulp1238,Yulparitja,,,,yulp1238,
yuqu1240,Yuqui,,-16.7875,-64.9438,yuqu1240,yuq
yuru1263,Yurutí,,0.735585,-69.6955,yuru1263,yui
yuwa1242,Yuwaalaraay,,-29.758184,147.923684,yuwa1242,
zaba1237,Zabana,,-7.74311,158.753,zaba1237,kji
zaiw1241,Zaiwa,,24.1726,98.3643,zaiw1241,atb
zamb1245,Zamba,,1.25,18.3,zamb1245,
zana1238,Zanaki,,-2.26367,34.0542,zana1238,zak
zara1247,Zaramo,,-6.87705,38.9258,zara1247,zaj
zayy1238,Zay,,8.01148,38.8258,zayy1238,zwa
zaza1245,Zazao,,-8.18719,159.255,zaza1245,jaj
zeme1240,Zeme Naga,,25.3499,93.6463,zeme1240,nzm
zhab1238,Zhaba,,30.7416,100.983,zhab1238,zhb
zigu1242,Zigula,,-5.61864,38.4114,zigu1242,
zinz1238,Zinza,,-2.64132,32.1755,zinz1238,zin
zulu1248,Zulu,,-28.9,30.2,zulu1248,zul
